[{"model": "admin.logentry", "pk": 1, "fields": {"action_time": "2024-06-19T07:30:15.141Z", "user": 1, "content_type": 7, "object_id": "1", "object_repr": "Adventure object (1)", "action_flag": 1, "change_message": "[{\"added\": {}}]"}}, {"model": "admin.logentry", "pk": 2, "fields": {"action_time": "2024-06-19T07:30:22.182Z", "user": 1, "content_type": 8, "object_id": "1", "object_repr": "Festival object (1)", "action_flag": 1, "change_message": "[{\"added\": {}}]"}}, {"model": "admin.logentry", "pk": 3, "fields": {"action_time": "2024-06-19T07:30:28.285Z", "user": 1, "content_type": 9, "object_id": "1", "object_repr": "Trekking object (1)", "action_flag": 1, "change_message": "[{\"added\": {}}]"}}, {"model": "admin.logentry", "pk": 4, "fields": {"action_time": "2024-06-19T07:31:19.300Z", "user": 1, "content_type": 10, "object_id": "1", "object_repr": "City object (1)", "action_flag": 1, "change_message": "[{\"added\": {}}]"}}, {"model": "admin.logentry", "pk": 5, "fields": {"action_time": "2024-06-19T08:54:29.074Z", "user": 1, "content_type": 9, "object_id": "1", "object_repr": "Monsson", "action_flag": 1, "change_message": "[{\"added\": {}}]"}}, {"model": "admin.logentry", "pk": 6, "fields": {"action_time": "2024-06-19T08:54:36.993Z", "user": 1, "content_type": 9, "object_id": "2", "object_repr": "Night", "action_flag": 1, "change_message": "[{\"added\": {}}]"}}, {"model": "admin.logentry", "pk": 7, "fields": {"action_time": "2024-06-19T08:54:40.388Z", "user": 1, "content_type": 9, "object_id": "3", "object_repr": "One day", "action_flag": 1, "change_message": "[{\"added\": {}}]"}}, {"model": "admin.logentry", "pk": 8, "fields": {"action_time": "2024-06-19T08:54:44.937Z", "user": 1, "content_type": 9, "object_id": "4", "object_repr": "Waterfall", "action_flag": 1, "change_message": "[{\"added\": {}}]"}}, {"model": "admin.logentry", "pk": 9, "fields": {"action_time": "2024-06-19T08:55:00.270Z", "user": 1, "content_type": 7, "object_id": "1", "object_repr": "Rappling", "action_flag": 1, "change_message": "[{\"added\": {}}]"}}, {"model": "admin.logentry", "pk": 10, "fields": {"action_time": "2024-06-19T08:55:04.334Z", "user": 1, "content_type": 7, "object_id": "2", "object_repr": "Thrilling", "action_flag": 1, "change_message": "[{\"added\": {}}]"}}, {"model": "admin.logentry", "pk": 11, "fields": {"action_time": "2024-06-19T08:55:17.336Z", "user": 1, "content_type": 8, "object_id": "1", "object_repr": "Fireflies", "action_flag": 1, "change_message": "[{\"added\": {}}]"}}, {"model": "admin.logentry", "pk": 12, "fields": {"action_time": "2024-06-19T08:55:19.950Z", "user": 1, "content_type": 8, "object_id": "2", "object_repr": "Fruit", "action_flag": 1, "change_message": "[{\"added\": {}}]"}}, {"model": "admin.logentry", "pk": 13, "fields": {"action_time": "2024-06-19T08:55:21.902Z", "user": 1, "content_type": 8, "object_id": "3", "object_repr": "Kite", "action_flag": 1, "change_message": "[{\"added\": {}}]"}}, {"model": "admin.logentry", "pk": 14, "fields": {"action_time": "2024-06-19T08:55:25.895Z", "user": 1, "content_type": 8, "object_id": "4", "object_repr": "Turtal", "action_flag": 1, "change_message": "[{\"added\": {}}]"}}, {"model": "admin.logentry", "pk": 15, "fields": {"action_time": "2024-06-19T08:56:39.440Z", "user": 1, "content_type": 8, "object_id": "5", "object_repr": "New Year", "action_flag": 1, "change_message": "[{\"added\": {}}]"}}, {"model": "admin.logentry", "pk": 16, "fields": {"action_time": "2024-06-19T08:56:46.812Z", "user": 1, "content_type": 8, "object_id": "6", "object_repr": "Holi", "action_flag": 1, "change_message": "[{\"added\": {}}]"}}, {"model": "admin.logentry", "pk": 17, "fields": {"action_time": "2024-06-19T08:56:51.539Z", "user": 1, "content_type": 8, "object_id": "7", "object_repr": "Garba", "action_flag": 1, "change_message": "[{\"added\": {}}]"}}, {"model": "admin.logentry", "pk": 18, "fields": {"action_time": "2024-06-21T11:31:45.708Z", "user": 1, "content_type": 10, "object_id": "1", "object_repr": "Naneghat", "action_flag": 1, "change_message": "[{\"added\": {}}]"}}, {"model": "admin.logentry", "pk": 19, "fields": {"action_time": "2024-06-21T11:32:22.542Z", "user": 1, "content_type": 10, "object_id": "2", "object_repr": "Devkund Waterfall", "action_flag": 1, "change_message": "[{\"added\": {}}]"}}, {"model": "admin.logentry", "pk": 20, "fields": {"action_time": "2024-06-21T11:32:39.281Z", "user": 1, "content_type": 10, "object_id": "3", "object_repr": "Garbett Plateau", "action_flag": 1, "change_message": "[{\"added\": {}}]"}}, {"model": "admin.logentry", "pk": 21, "fields": {"action_time": "2024-06-21T11:33:05.881Z", "user": 1, "content_type": 10, "object_id": "4", "object_repr": "Kalsubai", "action_flag": 1, "change_message": "[{\"added\": {}}]"}}, {"model": "admin.logentry", "pk": 22, "fields": {"action_time": "2024-06-21T11:33:20.382Z", "user": 1, "content_type": 10, "object_id": "5", "object_repr": "Harihar", "action_flag": 1, "change_message": "[{\"added\": {}}]"}}, {"model": "admin.logentry", "pk": 23, "fields": {"action_time": "2024-06-21T11:33:56.890Z", "user": 1, "content_type": 10, "object_id": "6", "object_repr": "Kothaligad", "action_flag": 1, "change_message": "[{\"added\": {}}]"}}, {"model": "admin.logentry", "pk": 24, "fields": {"action_time": "2024-06-21T11:34:13.928Z", "user": 1, "content_type": 10, "object_id": "7", "object_repr": "Sondai", "action_flag": 1, "change_message": "[{\"added\": {}}]"}}, {"model": "admin.logentry", "pk": 25, "fields": {"action_time": "2024-06-21T11:41:52.302Z", "user": 1, "content_type": 10, "object_id": "8", "object_repr": "Peb Fort", "action_flag": 1, "change_message": "[{\"added\": {}}]"}}, {"model": "admin.logentry", "pk": 26, "fields": {"action_time": "2024-06-22T07:28:18.708Z", "user": 1, "content_type": 10, "object_id": "9", "object_repr": "Harishchandra Ghat", "action_flag": 1, "change_message": "[{\"added\": {}}]"}}, {"model": "admin.logentry", "pk": 27, "fields": {"action_time": "2024-06-22T07:30:49.126Z", "user": 1, "content_type": 10, "object_id": "10", "object_repr": "Aadrai Jungle Trek", "action_flag": 1, "change_message": "[{\"added\": {}}]"}}, {"model": "admin.logentry", "pk": 28, "fields": {"action_time": "2024-06-22T07:31:11.654Z", "user": 1, "content_type": 10, "object_id": "11", "object_repr": "Andharban", "action_flag": 1, "change_message": "[{\"added\": {}}]"}}, {"model": "admin.logentry", "pk": 29, "fields": {"action_time": "2024-06-22T07:31:30.125Z", "user": 1, "content_type": 10, "object_id": "12", "object_repr": "Rajmachi", "action_flag": 1, "change_message": "[{\"added\": {}}]"}}, {"model": "admin.logentry", "pk": 30, "fields": {"action_time": "2024-06-22T07:34:50.189Z", "user": 1, "content_type": 10, "object_id": "13", "object_repr": "Kalavanti", "action_flag": 1, "change_message": "[{\"added\": {}}]"}}, {"model": "admin.logentry", "pk": 31, "fields": {"action_time": "2024-06-22T07:35:17.890Z", "user": 1, "content_type": 10, "object_id": "14", "object_repr": "Harishchandra gad", "action_flag": 1, "change_message": "[{\"added\": {}}]"}}, {"model": "admin.logentry", "pk": 32, "fields": {"action_time": "2024-06-22T07:36:49.859Z", "user": 1, "content_type": 10, "object_id": "15", "object_repr": "Ratangad", "action_flag": 1, "change_message": "[{\"added\": {}}]"}}, {"model": "admin.logentry", "pk": 33, "fields": {"action_time": "2024-06-22T07:37:17.413Z", "user": 1, "content_type": 10, "object_id": "16", "object_repr": "Kothaligad", "action_flag": 1, "change_message": "[{\"added\": {}}]"}}, {"model": "admin.logentry", "pk": 34, "fields": {"action_time": "2024-06-22T07:38:15.761Z", "user": 1, "content_type": 10, "object_id": "17", "object_repr": "Sondai", "action_flag": 1, "change_message": "[{\"added\": {}}]"}}, {"model": "admin.logentry", "pk": 35, "fields": {"action_time": "2024-06-22T07:39:03.898Z", "user": 1, "content_type": 10, "object_id": "18", "object_repr": "Sandhan Valley", "action_flag": 1, "change_message": "[{\"added\": {}}]"}}, {"model": "admin.logentry", "pk": 36, "fields": {"action_time": "2024-06-22T07:39:22.918Z", "user": 1, "content_type": 10, "object_id": "19", "object_repr": "Bhimashankar", "action_flag": 1, "change_message": "[{\"added\": {}}]"}}, {"model": "admin.logentry", "pk": 37, "fields": {"action_time": "2024-06-22T07:39:43.612Z", "user": 1, "content_type": 10, "object_id": "20", "object_repr": "Naneghat", "action_flag": 1, "change_message": "[{\"added\": {}}]"}}, {"model": "admin.logentry", "pk": 38, "fields": {"action_time": "2024-06-22T07:40:05.807Z", "user": 1, "content_type": 10, "object_id": "21", "object_repr": "Kalavanti", "action_flag": 1, "change_message": "[{\"added\": {}}]"}}, {"model": "admin.logentry", "pk": 39, "fields": {"action_time": "2024-06-22T07:40:56.543Z", "user": 1, "content_type": 10, "object_id": "22", "object_repr": "Lohagad", "action_flag": 1, "change_message": "[{\"added\": {}}]"}}, {"model": "admin.logentry", "pk": 40, "fields": {"action_time": "2024-06-22T07:41:28.036Z", "user": 1, "content_type": 10, "object_id": "23", "object_repr": "Peb Fort", "action_flag": 1, "change_message": "[{\"added\": {}}]"}}, {"model": "admin.logentry", "pk": 41, "fields": {"action_time": "2024-06-22T07:42:00.061Z", "user": 1, "content_type": 10, "object_id": "24", "object_repr": "Asherigad", "action_flag": 1, "change_message": "[{\"added\": {}}]"}}, {"model": "admin.logentry", "pk": 42, "fields": {"action_time": "2024-06-22T07:42:45.098Z", "user": 1, "content_type": 10, "object_id": "25", "object_repr": "Takmak", "action_flag": 1, "change_message": "[{\"added\": {}}]"}}, {"model": "admin.logentry", "pk": 43, "fields": {"action_time": "2024-06-22T07:43:16.007Z", "user": 1, "content_type": 10, "object_id": "26", "object_repr": "Kohoj", "action_flag": 1, "change_message": "[{\"added\": {}}]"}}, {"model": "admin.logentry", "pk": 44, "fields": {"action_time": "2024-06-22T07:44:22.026Z", "user": 1, "content_type": 10, "object_id": "27", "object_repr": "Visapur", "action_flag": 1, "change_message": "[{\"added\": {}}]"}}, {"model": "admin.logentry", "pk": 45, "fields": {"action_time": "2024-06-22T07:45:54.307Z", "user": 1, "content_type": 10, "object_id": "28", "object_repr": "Mahuli", "action_flag": 1, "change_message": "[{\"added\": {}}]"}}, {"model": "admin.logentry", "pk": 46, "fields": {"action_time": "2024-06-22T07:46:18.085Z", "user": 1, "content_type": 10, "object_id": "29", "object_repr": "Kaldurg", "action_flag": 1, "change_message": "[{\"added\": {}}]"}}, {"model": "admin.logentry", "pk": 47, "fields": {"action_time": "2024-06-22T07:46:54.551Z", "user": 1, "content_type": 10, "object_id": "30", "object_repr": "Garbett Platue", "action_flag": 1, "change_message": "[{\"added\": {}}]"}}, {"model": "admin.logentry", "pk": 48, "fields": {"action_time": "2024-06-22T07:51:09.900Z", "user": 1, "content_type": 10, "object_id": "31", "object_repr": "Karnala", "action_flag": 1, "change_message": "[{\"added\": {}}]"}}, {"model": "admin.logentry", "pk": 49, "fields": {"action_time": "2024-06-22T07:56:23.387Z", "user": 1, "content_type": 10, "object_id": "32", "object_repr": "Tungareshwar", "action_flag": 1, "change_message": "[{\"added\": {}}]"}}, {"model": "admin.logentry", "pk": 50, "fields": {"action_time": "2024-06-22T07:56:41.530Z", "user": 1, "content_type": 10, "object_id": "33", "object_repr": "Chinchoti", "action_flag": 1, "change_message": "[{\"added\": {}}]"}}, {"model": "admin.logentry", "pk": 51, "fields": {"action_time": "2024-06-22T07:57:56.563Z", "user": 1, "content_type": 10, "object_id": "34", "object_repr": "Saphade", "action_flag": 1, "change_message": "[{\"added\": {}}]"}}, {"model": "admin.logentry", "pk": 52, "fields": {"action_time": "2024-06-22T07:58:15.508Z", "user": 1, "content_type": 10, "object_id": "35", "object_repr": "Devkund", "action_flag": 1, "change_message": "[{\"added\": {}}]"}}, {"model": "admin.logentry", "pk": 53, "fields": {"action_time": "2024-06-22T07:58:35.351Z", "user": 1, "content_type": 10, "object_id": "36", "object_repr": "Dikshal", "action_flag": 1, "change_message": "[{\"added\": {}}]"}}, {"model": "admin.logentry", "pk": 54, "fields": {"action_time": "2024-06-22T07:58:58.501Z", "user": 1, "content_type": 10, "object_id": "37", "object_repr": "Kalu Waterfall", "action_flag": 1, "change_message": "[{\"added\": {}}]"}}, {"model": "admin.logentry", "pk": 55, "fields": {"action_time": "2024-06-22T07:59:20.497Z", "user": 1, "content_type": 10, "object_id": "38", "object_repr": "Kondana", "action_flag": 1, "change_message": "[{\"added\": {}}]"}}, {"model": "admin.logentry", "pk": 56, "fields": {"action_time": "2024-06-24T07:57:22.888Z", "user": 1, "content_type": 10, "object_id": "39", "object_repr": "Harihar Trek", "action_flag": 1, "change_message": "[{\"added\": {}}]"}}, {"model": "admin.logentry", "pk": 57, "fields": {"action_time": "2024-06-24T07:58:01.811Z", "user": 1, "content_type": 10, "object_id": "40", "object_repr": "Sandhya Valley", "action_flag": 1, "change_message": "[{\"added\": {}}]"}}, {"model": "admin.logentry", "pk": 58, "fields": {"action_time": "2024-06-24T07:59:03.862Z", "user": 1, "content_type": 10, "object_id": "41", "object_repr": "Rajmachi Trek", "action_flag": 1, "change_message": "[{\"added\": {}}]"}}, {"model": "admin.logentry", "pk": 59, "fields": {"action_time": "2024-06-24T08:18:57.083Z", "user": 1, "content_type": 10, "object_id": "42", "object_repr": "Igatpuri Camping + Watersports", "action_flag": 1, "change_message": "[{\"added\": {}}]"}}, {"model": "admin.logentry", "pk": 60, "fields": {"action_time": "2024-06-24T08:19:23.212Z", "user": 1, "content_type": 10, "object_id": "43", "object_repr": "Kothaligad Trek", "action_flag": 1, "change_message": "[{\"added\": {}}]"}}, {"model": "admin.logentry", "pk": 61, "fields": {"action_time": "2024-06-24T08:19:48.062Z", "user": 1, "content_type": 10, "object_id": "44", "object_repr": "Kalavanti Trek", "action_flag": 1, "change_message": "[{\"added\": {}}]"}}, {"model": "admin.logentry", "pk": 62, "fields": {"action_time": "2024-06-24T08:20:18.074Z", "user": 1, "content_type": 10, "object_id": "45", "object_repr": "Prabalgad Trek", "action_flag": 1, "change_message": "[{\"added\": {}}]"}}, {"model": "admin.logentry", "pk": 63, "fields": {"action_time": "2024-06-24T08:21:20.382Z", "user": 1, "content_type": 10, "object_id": "46", "object_repr": "One Day", "action_flag": 1, "change_message": "[{\"added\": {}}]"}}, {"model": "admin.logentry", "pk": 64, "fields": {"action_time": "2024-06-24T08:21:42.724Z", "user": 1, "content_type": 10, "object_id": "47", "object_repr": "Mango", "action_flag": 1, "change_message": "[{\"added\": {}}]"}}, {"model": "admin.logentry", "pk": 65, "fields": {"action_time": "2024-06-24T08:22:17.066Z", "user": 1, "content_type": 10, "object_id": "48", "object_repr": "Watermellon", "action_flag": 1, "change_message": "[{\"added\": {}}]"}}, {"model": "admin.logentry", "pk": 66, "fields": {"action_time": "2024-06-24T08:23:01.079Z", "user": 1, "content_type": 10, "object_id": "49", "object_repr": "Velas", "action_flag": 1, "change_message": "[{\"added\": {}}]"}}, {"model": "admin.logentry", "pk": 67, "fields": {"action_time": "2024-06-24T08:23:51.909Z", "user": 1, "content_type": 10, "object_id": "50", "object_repr": "Camping", "action_flag": 1, "change_message": "[{\"added\": {}}]"}}, {"model": "admin.logentry", "pk": 68, "fields": {"action_time": "2024-06-24T08:24:38.823Z", "user": 1, "content_type": 10, "object_id": "51", "object_repr": "1 Day", "action_flag": 1, "change_message": "[{\"added\": {}}]"}}, {"model": "admin.logentry", "pk": 69, "fields": {"action_time": "2024-06-24T08:26:47.392Z", "user": 1, "content_type": 10, "object_id": "52", "object_repr": "Dikshal Waterfall+ Rappelling", "action_flag": 1, "change_message": "[{\"added\": {}}]"}}, {"model": "admin.logentry", "pk": 70, "fields": {"action_time": "2024-06-24T08:27:09.940Z", "user": 1, "content_type": 10, "object_id": "53", "object_repr": "Bhairavgad Waterfall Rappelling", "action_flag": 1, "change_message": "[{\"added\": {}}]"}}, {"model": "admin.logentry", "pk": 71, "fields": {"action_time": "2024-06-24T08:27:34.633Z", "user": 1, "content_type": 10, "object_id": "54", "object_repr": "Bhairavgad Rappelling", "action_flag": 1, "change_message": "[{\"added\": {}}]"}}, {"model": "admin.logentry", "pk": 72, "fields": {"action_time": "2024-06-24T08:28:21.857Z", "user": 1, "content_type": 10, "object_id": "55", "object_repr": "Sandhan valley Trek With Rappelling", "action_flag": 1, "change_message": "[{\"added\": {}}]"}}, {"model": "admin.logentry", "pk": 73, "fields": {"action_time": "2024-06-24T08:28:45.858Z", "user": 1, "content_type": 10, "object_id": "56", "object_repr": "AMK", "action_flag": 1, "change_message": "[{\"added\": {}}]"}}, {"model": "admin.logentry", "pk": 74, "fields": {"action_time": "2024-06-24T08:29:19.812Z", "user": 1, "content_type": 10, "object_id": "57", "object_repr": "Jivdhan Trek", "action_flag": 1, "change_message": "[{\"added\": {}}]"}}, {"model": "admin.logentry", "pk": 75, "fields": {"action_time": "2024-06-24T08:30:00.747Z", "user": 1, "content_type": 10, "object_id": "58", "object_repr": "Chanderi", "action_flag": 1, "change_message": "[{\"added\": {}}]"}}, {"model": "admin.logentry", "pk": 76, "fields": {"action_time": "2024-06-24T08:31:11.859Z", "user": 1, "content_type": 10, "object_id": "59", "object_repr": "Kalavanti", "action_flag": 1, "change_message": "[{\"added\": {}}]"}}, {"model": "admin.logentry", "pk": 77, "fields": {"action_time": "2024-06-24T08:31:42.051Z", "user": 1, "content_type": 10, "object_id": "60", "object_repr": "Harihar Trek", "action_flag": 1, "change_message": "[{\"added\": {}}]"}}, {"model": "admin.logentry", "pk": 78, "fields": {"action_time": "2024-06-24T08:33:10.103Z", "user": 1, "content_type": 10, "object_id": "61", "object_repr": "Bhimashankar Trek", "action_flag": 1, "change_message": "[{\"added\": {}}]"}}, {"model": "admin.logentry", "pk": 79, "fields": {"action_time": "2024-06-24T08:33:44.386Z", "user": 1, "content_type": 10, "object_id": "62", "object_repr": "Ratangad Trek", "action_flag": 1, "change_message": "[{\"added\": {}}]"}}, {"model": "admin.logentry", "pk": 80, "fields": {"action_time": "2024-06-24T08:44:40.427Z", "user": 1, "content_type": 11, "object_id": "1", "object_repr": "Camping object (1)", "action_flag": 1, "change_message": "[{\"added\": {}}]"}}, {"model": "admin.logentry", "pk": 81, "fields": {"action_time": "2024-06-24T08:44:53.464Z", "user": 1, "content_type": 11, "object_id": "2", "object_repr": "Camping object (2)", "action_flag": 1, "change_message": "[{\"added\": {}}]"}}, {"model": "admin.logentry", "pk": 82, "fields": {"action_time": "2024-06-24T08:45:29.586Z", "user": 1, "content_type": 11, "object_id": "3", "object_repr": "Camping object (3)", "action_flag": 1, "change_message": "[{\"added\": {}}]"}}, {"model": "admin.logentry", "pk": 83, "fields": {"action_time": "2024-06-24T08:45:58.016Z", "user": 1, "content_type": 12, "object_id": "1", "object_repr": "Cycling object (1)", "action_flag": 1, "change_message": "[{\"added\": {}}]"}}, {"model": "admin.logentry", "pk": 84, "fields": {"action_time": "2024-06-24T08:46:10.613Z", "user": 1, "content_type": 12, "object_id": "2", "object_repr": "Cycling object (2)", "action_flag": 1, "change_message": "[{\"added\": {}}]"}}, {"model": "admin.logentry", "pk": 85, "fields": {"action_time": "2024-06-24T08:46:23.321Z", "user": 1, "content_type": 12, "object_id": "3", "object_repr": "Cycling object (3)", "action_flag": 1, "change_message": "[{\"added\": {}}]"}}, {"model": "admin.logentry", "pk": 86, "fields": {"action_time": "2024-06-24T08:46:59.524Z", "user": 1, "content_type": 13, "object_id": "1", "object_repr": "Tours object (1)", "action_flag": 1, "change_message": "[{\"added\": {}}]"}}, {"model": "admin.logentry", "pk": 87, "fields": {"action_time": "2024-06-24T08:47:13.775Z", "user": 1, "content_type": 13, "object_id": "2", "object_repr": "Tours object (2)", "action_flag": 1, "change_message": "[{\"added\": {}}]"}}, {"model": "admin.logentry", "pk": 88, "fields": {"action_time": "2024-06-24T08:47:30.843Z", "user": 1, "content_type": 13, "object_id": "3", "object_repr": "Tours object (3)", "action_flag": 1, "change_message": "[{\"added\": {}}]"}}, {"model": "admin.logentry", "pk": 89, "fields": {"action_time": "2024-06-25T09:14:39.230Z", "user": 1, "content_type": 10, "object_id": "1", "object_repr": "Naneghat", "action_flag": 2, "change_message": "[{\"changed\": {\"fields\": [\"Upcoming\"]}}]"}}, {"model": "admin.logentry", "pk": 90, "fields": {"action_time": "2024-06-25T09:14:49.296Z", "user": 1, "content_type": 10, "object_id": "3", "object_repr": "Garbett Plateau", "action_flag": 2, "change_message": "[{\"changed\": {\"fields\": [\"Upcoming\"]}}]"}}, {"model": "admin.logentry", "pk": 91, "fields": {"action_time": "2024-06-25T09:15:03.028Z", "user": 1, "content_type": 10, "object_id": "47", "object_repr": "Mango", "action_flag": 2, "change_message": "[{\"changed\": {\"fields\": [\"Upcoming\"]}}]"}}, {"model": "admin.logentry", "pk": 92, "fields": {"action_time": "2024-06-25T09:15:09.972Z", "user": 1, "content_type": 10, "object_id": "59", "object_repr": "Kalavanti", "action_flag": 2, "change_message": "[{\"changed\": {\"fields\": [\"Upcoming\"]}}]"}}, {"model": "admin.logentry", "pk": 93, "fields": {"action_time": "2024-06-25T13:03:27.543Z", "user": 1, "content_type": 10, "object_id": "61", "object_repr": "Bhimashankar Trek", "action_flag": 2, "change_message": "[{\"changed\": {\"fields\": [\"Intro\", \"Difficulty\", \"Fees\", \"Info\", \"Itenary\", \"Inclusions\"]}}]"}}, {"model": "admin.logentry", "pk": 94, "fields": {"action_time": "2024-06-25T13:06:50.758Z", "user": 1, "content_type": 10, "object_id": "61", "object_repr": "Bhimashankar Trek", "action_flag": 2, "change_message": "[{\"changed\": {\"fields\": [\"Info\", \"Inclusions\"]}}]"}}, {"model": "admin.logentry", "pk": 95, "fields": {"action_time": "2024-06-25T13:09:09.651Z", "user": 1, "content_type": 10, "object_id": "61", "object_repr": "Bhimashankar Trek", "action_flag": 2, "change_message": "[{\"changed\": {\"fields\": [\"Info\", \"Itenary\"]}}]"}}, {"model": "admin.logentry", "pk": 96, "fields": {"action_time": "2024-07-06T11:17:52.715Z", "user": 1, "content_type": 7, "object_id": "2", "object_repr": "Thrilling", "action_flag": 2, "change_message": "[]"}}, {"model": "admin.logentry", "pk": 97, "fields": {"action_time": "2024-07-08T12:40:23.642Z", "user": 1, "content_type": 10, "object_id": "37", "object_repr": "Kalu Waterfall", "action_flag": 2, "change_message": "[{\"changed\": {\"fields\": [\"Date\"]}}]"}}, {"model": "admin.logentry", "pk": 98, "fields": {"action_time": "2024-07-08T13:21:27.875Z", "user": 1, "content_type": 10, "object_id": "60", "object_repr": "Harihar Trek", "action_flag": 2, "change_message": "[{\"changed\": {\"fields\": [\"Image\"]}}]"}}, {"model": "admin.logentry", "pk": 99, "fields": {"action_time": "2024-07-08T13:50:58.065Z", "user": 1, "content_type": 12, "object_id": "2", "object_repr": "Sun Rise 🌞 ( Manori Beach )", "action_flag": 2, "change_message": "[{\"changed\": {\"fields\": [\"Upcoming\", \"Intro\", \"Info\", \"Itenary\", \"Inclusions\"]}}]"}}, {"model": "admin.logentry", "pk": 100, "fields": {"action_time": "2024-07-09T08:29:57.468Z", "user": 1, "content_type": 8, "object_id": "6", "object_repr": "Holi", "action_flag": 2, "change_message": "[{\"changed\": {\"fields\": [\"Exclude\"]}}]"}}, {"model": "admin.logentry", "pk": 101, "fields": {"action_time": "2024-07-09T08:30:03.368Z", "user": 1, "content_type": 8, "object_id": "7", "object_repr": "Garba", "action_flag": 2, "change_message": "[{\"changed\": {\"fields\": [\"Exclude\"]}}]"}}, {"model": "admin.logentry", "pk": 102, "fields": {"action_time": "2024-07-09T08:30:10.512Z", "user": 1, "content_type": 8, "object_id": "3", "object_repr": "Kite", "action_flag": 2, "change_message": "[{\"changed\": {\"fields\": [\"Exclude\"]}}]"}}, {"model": "admin.logentry", "pk": 103, "fields": {"action_time": "2024-07-09T08:36:42.603Z", "user": 1, "content_type": 8, "object_id": "7", "object_repr": "Garba", "action_flag": 3, "change_message": ""}}, {"model": "admin.logentry", "pk": 104, "fields": {"action_time": "2024-07-09T08:36:50.986Z", "user": 1, "content_type": 8, "object_id": "8", "object_repr": "Garba", "action_flag": 1, "change_message": "[{\"added\": {}}]"}}, {"model": "admin.logentry", "pk": 105, "fields": {"action_time": "2024-07-09T10:03:36.582Z", "user": 1, "content_type": 10, "object_id": "61", "object_repr": "Bhimashankar Trek", "action_flag": 2, "change_message": "[{\"changed\": {\"fields\": [\"Image\"]}}]"}}, {"model": "admin.logentry", "pk": 106, "fields": {"action_time": "2024-07-10T07:45:40.704Z", "user": 1, "content_type": 17, "object_id": "1", "object_repr": "Gallery object (1)", "action_flag": 1, "change_message": "[{\"added\": {}}]"}}, {"model": "admin.logentry", "pk": 107, "fields": {"action_time": "2024-07-10T07:52:18.523Z", "user": 1, "content_type": 10, "object_id": "58", "object_repr": "Chanderi", "action_flag": 2, "change_message": "[{\"changed\": {\"fields\": [\"Upcoming\"]}}]"}}, {"model": "admin.logentry", "pk": 108, "fields": {"action_time": "2024-07-10T07:52:23.641Z", "user": 1, "content_type": 10, "object_id": "49", "object_repr": "Velas", "action_flag": 2, "change_message": "[{\"changed\": {\"fields\": [\"Upcoming\"]}}]"}}, {"model": "admin.logentry", "pk": 109, "fields": {"action_time": "2024-07-10T07:52:40.260Z", "user": 1, "content_type": 10, "object_id": "38", "object_repr": "Kondana", "action_flag": 2, "change_message": "[{\"changed\": {\"fields\": [\"Upcoming\"]}}]"}}, {"model": "admin.logentry", "pk": 110, "fields": {"action_time": "2024-07-10T07:56:54.667Z", "user": 1, "content_type": 17, "object_id": "2", "object_repr": "Gallery object (2)", "action_flag": 1, "change_message": "[{\"added\": {}}]"}}, {"model": "admin.logentry", "pk": 111, "fields": {"action_time": "2024-07-10T07:57:10.749Z", "user": 1, "content_type": 17, "object_id": "3", "object_repr": "Gallery object (3)", "action_flag": 1, "change_message": "[{\"added\": {}}]"}}, {"model": "admin.logentry", "pk": 112, "fields": {"action_time": "2024-07-10T10:41:06.207Z", "user": 1, "content_type": 17, "object_id": "4", "object_repr": "Gallery object (4)", "action_flag": 1, "change_message": "[{\"added\": {}}]"}}, {"model": "admin.logentry", "pk": 113, "fields": {"action_time": "2024-07-10T10:41:15.782Z", "user": 1, "content_type": 17, "object_id": "4", "object_repr": "Gallery object (4)", "action_flag": 2, "change_message": "[{\"changed\": {\"fields\": [\"City\"]}}]"}}, {"model": "admin.logentry", "pk": 114, "fields": {"action_time": "2024-07-10T11:05:51.550Z", "user": 1, "content_type": 17, "object_id": "3", "object_repr": "Gallery object (3)", "action_flag": 3, "change_message": ""}}, {"model": "admin.logentry", "pk": 115, "fields": {"action_time": "2024-07-10T11:06:00.820Z", "user": 1, "content_type": 17, "object_id": "2", "object_repr": "Gallery object (2)", "action_flag": 3, "change_message": ""}}, {"model": "admin.logentry", "pk": 116, "fields": {"action_time": "2024-07-10T11:06:00.924Z", "user": 1, "content_type": 17, "object_id": "1", "object_repr": "Gallery object (1)", "action_flag": 3, "change_message": ""}}, {"model": "admin.logentry", "pk": 117, "fields": {"action_time": "2024-07-10T11:06:13.399Z", "user": 1, "content_type": 17, "object_id": "5", "object_repr": "Gallery object (5)", "action_flag": 1, "change_message": "[{\"added\": {}}]"}}, {"model": "admin.logentry", "pk": 118, "fields": {"action_time": "2024-07-10T11:06:24.520Z", "user": 1, "content_type": 17, "object_id": "6", "object_repr": "Gallery object (6)", "action_flag": 1, "change_message": "[{\"added\": {}}]"}}, {"model": "admin.logentry", "pk": 119, "fields": {"action_time": "2024-07-10T11:06:31.627Z", "user": 1, "content_type": 17, "object_id": "7", "object_repr": "Gallery object (7)", "action_flag": 1, "change_message": "[{\"added\": {}}]"}}, {"model": "admin.logentry", "pk": 120, "fields": {"action_time": "2024-07-10T19:45:41.705Z", "user": 1, "content_type": 17, "object_id": "8", "object_repr": "Gallery object (8)", "action_flag": 1, "change_message": "[{\"added\": {}}]"}}, {"model": "admin.logentry", "pk": 121, "fields": {"action_time": "2024-07-12T19:03:53.912Z", "user": 1, "content_type": 19, "object_id": "1", "object_repr": "Logger object (1)", "action_flag": 1, "change_message": "[{\"added\": {}}]"}}, {"model": "admin.logentry", "pk": 122, "fields": {"action_time": "2024-09-03T18:23:31.949Z", "user": 1, "content_type": 21, "object_id": "1", "object_repr": "Welcome to the trekers", "action_flag": 1, "change_message": "[{\"added\": {}}]"}}, {"model": "admin.logentry", "pk": 123, "fields": {"action_time": "2024-09-04T18:40:16.706Z", "user": 1, "content_type": 10, "object_id": "61", "object_repr": "Bhimashankar Trek", "action_flag": 2, "change_message": "[{\"changed\": {\"fields\": [\"Info\", \"Itenary\", \"Inclusions\"]}}]"}}, {"model": "auth.permission", "pk": 1, "fields": {"name": "Can add log entry", "content_type": 1, "codename": "add_logentry"}}, {"model": "auth.permission", "pk": 2, "fields": {"name": "Can change log entry", "content_type": 1, "codename": "change_logentry"}}, {"model": "auth.permission", "pk": 3, "fields": {"name": "Can delete log entry", "content_type": 1, "codename": "delete_logentry"}}, {"model": "auth.permission", "pk": 4, "fields": {"name": "Can view log entry", "content_type": 1, "codename": "view_logentry"}}, {"model": "auth.permission", "pk": 5, "fields": {"name": "Can add permission", "content_type": 2, "codename": "add_permission"}}, {"model": "auth.permission", "pk": 6, "fields": {"name": "Can change permission", "content_type": 2, "codename": "change_permission"}}, {"model": "auth.permission", "pk": 7, "fields": {"name": "Can delete permission", "content_type": 2, "codename": "delete_permission"}}, {"model": "auth.permission", "pk": 8, "fields": {"name": "Can view permission", "content_type": 2, "codename": "view_permission"}}, {"model": "auth.permission", "pk": 9, "fields": {"name": "Can add group", "content_type": 3, "codename": "add_group"}}, {"model": "auth.permission", "pk": 10, "fields": {"name": "Can change group", "content_type": 3, "codename": "change_group"}}, {"model": "auth.permission", "pk": 11, "fields": {"name": "Can delete group", "content_type": 3, "codename": "delete_group"}}, {"model": "auth.permission", "pk": 12, "fields": {"name": "Can view group", "content_type": 3, "codename": "view_group"}}, {"model": "auth.permission", "pk": 13, "fields": {"name": "Can add user", "content_type": 4, "codename": "add_user"}}, {"model": "auth.permission", "pk": 14, "fields": {"name": "Can change user", "content_type": 4, "codename": "change_user"}}, {"model": "auth.permission", "pk": 15, "fields": {"name": "Can delete user", "content_type": 4, "codename": "delete_user"}}, {"model": "auth.permission", "pk": 16, "fields": {"name": "Can view user", "content_type": 4, "codename": "view_user"}}, {"model": "auth.permission", "pk": 17, "fields": {"name": "Can add content type", "content_type": 5, "codename": "add_contenttype"}}, {"model": "auth.permission", "pk": 18, "fields": {"name": "Can change content type", "content_type": 5, "codename": "change_contenttype"}}, {"model": "auth.permission", "pk": 19, "fields": {"name": "Can delete content type", "content_type": 5, "codename": "delete_contenttype"}}, {"model": "auth.permission", "pk": 20, "fields": {"name": "Can view content type", "content_type": 5, "codename": "view_contenttype"}}, {"model": "auth.permission", "pk": 21, "fields": {"name": "Can add session", "content_type": 6, "codename": "add_session"}}, {"model": "auth.permission", "pk": 22, "fields": {"name": "Can change session", "content_type": 6, "codename": "change_session"}}, {"model": "auth.permission", "pk": 23, "fields": {"name": "Can delete session", "content_type": 6, "codename": "delete_session"}}, {"model": "auth.permission", "pk": 24, "fields": {"name": "Can view session", "content_type": 6, "codename": "view_session"}}, {"model": "auth.permission", "pk": 25, "fields": {"name": "Can add adventure", "content_type": 7, "codename": "add_adventure"}}, {"model": "auth.permission", "pk": 26, "fields": {"name": "Can change adventure", "content_type": 7, "codename": "change_adventure"}}, {"model": "auth.permission", "pk": 27, "fields": {"name": "Can delete adventure", "content_type": 7, "codename": "delete_adventure"}}, {"model": "auth.permission", "pk": 28, "fields": {"name": "Can view adventure", "content_type": 7, "codename": "view_adventure"}}, {"model": "auth.permission", "pk": 29, "fields": {"name": "Can add festival", "content_type": 8, "codename": "add_festival"}}, {"model": "auth.permission", "pk": 30, "fields": {"name": "Can change festival", "content_type": 8, "codename": "change_festival"}}, {"model": "auth.permission", "pk": 31, "fields": {"name": "Can delete festival", "content_type": 8, "codename": "delete_festival"}}, {"model": "auth.permission", "pk": 32, "fields": {"name": "Can view festival", "content_type": 8, "codename": "view_festival"}}, {"model": "auth.permission", "pk": 33, "fields": {"name": "Can add trekking", "content_type": 9, "codename": "add_trekking"}}, {"model": "auth.permission", "pk": 34, "fields": {"name": "Can change trekking", "content_type": 9, "codename": "change_trekking"}}, {"model": "auth.permission", "pk": 35, "fields": {"name": "Can delete trekking", "content_type": 9, "codename": "delete_trekking"}}, {"model": "auth.permission", "pk": 36, "fields": {"name": "Can view trekking", "content_type": 9, "codename": "view_trekking"}}, {"model": "auth.permission", "pk": 37, "fields": {"name": "Can add city", "content_type": 10, "codename": "add_city"}}, {"model": "auth.permission", "pk": 38, "fields": {"name": "Can change city", "content_type": 10, "codename": "change_city"}}, {"model": "auth.permission", "pk": 39, "fields": {"name": "Can delete city", "content_type": 10, "codename": "delete_city"}}, {"model": "auth.permission", "pk": 40, "fields": {"name": "Can view city", "content_type": 10, "codename": "view_city"}}, {"model": "auth.permission", "pk": 41, "fields": {"name": "Can add camping", "content_type": 11, "codename": "add_camping"}}, {"model": "auth.permission", "pk": 42, "fields": {"name": "Can change camping", "content_type": 11, "codename": "change_camping"}}, {"model": "auth.permission", "pk": 43, "fields": {"name": "Can delete camping", "content_type": 11, "codename": "delete_camping"}}, {"model": "auth.permission", "pk": 44, "fields": {"name": "Can view camping", "content_type": 11, "codename": "view_camping"}}, {"model": "auth.permission", "pk": 45, "fields": {"name": "Can add cycling", "content_type": 12, "codename": "add_cycling"}}, {"model": "auth.permission", "pk": 46, "fields": {"name": "Can change cycling", "content_type": 12, "codename": "change_cycling"}}, {"model": "auth.permission", "pk": 47, "fields": {"name": "Can delete cycling", "content_type": 12, "codename": "delete_cycling"}}, {"model": "auth.permission", "pk": 48, "fields": {"name": "Can view cycling", "content_type": 12, "codename": "view_cycling"}}, {"model": "auth.permission", "pk": 49, "fields": {"name": "Can add tours", "content_type": 13, "codename": "add_tours"}}, {"model": "auth.permission", "pk": 50, "fields": {"name": "Can change tours", "content_type": 13, "codename": "change_tours"}}, {"model": "auth.permission", "pk": 51, "fields": {"name": "Can delete tours", "content_type": 13, "codename": "delete_tours"}}, {"model": "auth.permission", "pk": 52, "fields": {"name": "Can view tours", "content_type": 13, "codename": "view_tours"}}, {"model": "auth.permission", "pk": 53, "fields": {"name": "Can add contact", "content_type": 14, "codename": "add_contact"}}, {"model": "auth.permission", "pk": 54, "fields": {"name": "Can change contact", "content_type": 14, "codename": "change_contact"}}, {"model": "auth.permission", "pk": 55, "fields": {"name": "Can delete contact", "content_type": 14, "codename": "delete_contact"}}, {"model": "auth.permission", "pk": 56, "fields": {"name": "Can view contact", "content_type": 14, "codename": "view_contact"}}, {"model": "auth.permission", "pk": 57, "fields": {"name": "Can add enquire", "content_type": 15, "codename": "add_enquire"}}, {"model": "auth.permission", "pk": 58, "fields": {"name": "Can change enquire", "content_type": 15, "codename": "change_enquire"}}, {"model": "auth.permission", "pk": 59, "fields": {"name": "Can delete enquire", "content_type": 15, "codename": "delete_enquire"}}, {"model": "auth.permission", "pk": 60, "fields": {"name": "Can view enquire", "content_type": 15, "codename": "view_enquire"}}, {"model": "auth.permission", "pk": 61, "fields": {"name": "Can add personaltrek", "content_type": 16, "codename": "add_personaltrek"}}, {"model": "auth.permission", "pk": 62, "fields": {"name": "Can change personaltrek", "content_type": 16, "codename": "change_personaltrek"}}, {"model": "auth.permission", "pk": 63, "fields": {"name": "Can delete personaltrek", "content_type": 16, "codename": "delete_personaltrek"}}, {"model": "auth.permission", "pk": 64, "fields": {"name": "Can view personaltrek", "content_type": 16, "codename": "view_personaltrek"}}, {"model": "auth.permission", "pk": 65, "fields": {"name": "Can add gallery", "content_type": 17, "codename": "add_gallery"}}, {"model": "auth.permission", "pk": 66, "fields": {"name": "Can change gallery", "content_type": 17, "codename": "change_gallery"}}, {"model": "auth.permission", "pk": 67, "fields": {"name": "Can delete gallery", "content_type": 17, "codename": "delete_gallery"}}, {"model": "auth.permission", "pk": 68, "fields": {"name": "Can view gallery", "content_type": 17, "codename": "view_gallery"}}, {"model": "auth.permission", "pk": 69, "fields": {"name": "Can add article", "content_type": 18, "codename": "add_article"}}, {"model": "auth.permission", "pk": 70, "fields": {"name": "Can change article", "content_type": 18, "codename": "change_article"}}, {"model": "auth.permission", "pk": 71, "fields": {"name": "Can delete article", "content_type": 18, "codename": "delete_article"}}, {"model": "auth.permission", "pk": 72, "fields": {"name": "Can view article", "content_type": 18, "codename": "view_article"}}, {"model": "auth.permission", "pk": 73, "fields": {"name": "Can add logger", "content_type": 19, "codename": "add_logger"}}, {"model": "auth.permission", "pk": 74, "fields": {"name": "Can change logger", "content_type": 19, "codename": "change_logger"}}, {"model": "auth.permission", "pk": 75, "fields": {"name": "Can delete logger", "content_type": 19, "codename": "delete_logger"}}, {"model": "auth.permission", "pk": 76, "fields": {"name": "Can view logger", "content_type": 19, "codename": "view_logger"}}, {"model": "auth.permission", "pk": 77, "fields": {"name": "Can add comment", "content_type": 20, "codename": "add_comment"}}, {"model": "auth.permission", "pk": 78, "fields": {"name": "Can change comment", "content_type": 20, "codename": "change_comment"}}, {"model": "auth.permission", "pk": 79, "fields": {"name": "Can delete comment", "content_type": 20, "codename": "delete_comment"}}, {"model": "auth.permission", "pk": 80, "fields": {"name": "Can view comment", "content_type": 20, "codename": "view_comment"}}, {"model": "auth.permission", "pk": 81, "fields": {"name": "Can add marquee", "content_type": 21, "codename": "add_marquee"}}, {"model": "auth.permission", "pk": 82, "fields": {"name": "Can change marquee", "content_type": 21, "codename": "change_marquee"}}, {"model": "auth.permission", "pk": 83, "fields": {"name": "Can delete marquee", "content_type": 21, "codename": "delete_marquee"}}, {"model": "auth.permission", "pk": 84, "fields": {"name": "Can view marquee", "content_type": 21, "codename": "view_marquee"}}, {"model": "auth.user", "pk": 1, "fields": {"password": "pbkdf2_sha256$600000$aEHwYQ26UgFncD4IPQiiIR$Cdz0mk1BWxYVR9XLoyOTovZ9lvGRfPZ3uXmrfW7wl7s=", "last_login": "2024-09-04T18:39:20.055Z", "is_superuser": true, "username": "Jaideep", "first_name": "", "last_name": "", "email": "taskmaster2404@gmail.com", "is_staff": true, "is_active": true, "date_joined": "2024-06-19T07:28:12.191Z", "groups": [], "user_permissions": []}}, {"model": "auth.user", "pk": 2, "fields": {"password": "pbkdf2_sha256$260000$CathCtb47gXgwZBZio8h4w$wYGAEmHgEGaByXeqNFseKUDy27q/3lv8WewzLYPBZI0=", "last_login": null, "is_superuser": true, "username": "admin", "first_name": "", "last_name": "", "email": "admin@thetrekers.com", "is_staff": true, "is_active": true, "date_joined": "2024-07-15T18:50:43.660Z", "groups": [], "user_permissions": []}}, {"model": "contenttypes.contenttype", "pk": 1, "fields": {"app_label": "admin", "model": "logentry"}}, {"model": "contenttypes.contenttype", "pk": 2, "fields": {"app_label": "auth", "model": "permission"}}, {"model": "contenttypes.contenttype", "pk": 3, "fields": {"app_label": "auth", "model": "group"}}, {"model": "contenttypes.contenttype", "pk": 4, "fields": {"app_label": "auth", "model": "user"}}, {"model": "contenttypes.contenttype", "pk": 5, "fields": {"app_label": "contenttypes", "model": "contenttype"}}, {"model": "contenttypes.contenttype", "pk": 6, "fields": {"app_label": "sessions", "model": "session"}}, {"model": "contenttypes.contenttype", "pk": 7, "fields": {"app_label": "trekkapp", "model": "adventure"}}, {"model": "contenttypes.contenttype", "pk": 8, "fields": {"app_label": "trekkapp", "model": "festival"}}, {"model": "contenttypes.contenttype", "pk": 9, "fields": {"app_label": "trekkapp", "model": "trekking"}}, {"model": "contenttypes.contenttype", "pk": 10, "fields": {"app_label": "trekkapp", "model": "city"}}, {"model": "contenttypes.contenttype", "pk": 11, "fields": {"app_label": "trekkapp", "model": "camping"}}, {"model": "contenttypes.contenttype", "pk": 12, "fields": {"app_label": "trekkapp", "model": "cycling"}}, {"model": "contenttypes.contenttype", "pk": 13, "fields": {"app_label": "trekkapp", "model": "tours"}}, {"model": "contenttypes.contenttype", "pk": 14, "fields": {"app_label": "trekkapp", "model": "contact"}}, {"model": "contenttypes.contenttype", "pk": 15, "fields": {"app_label": "trekkapp", "model": "enquire"}}, {"model": "contenttypes.contenttype", "pk": 16, "fields": {"app_label": "trekkapp", "model": "personaltrek"}}, {"model": "contenttypes.contenttype", "pk": 17, "fields": {"app_label": "trekkapp", "model": "gallery"}}, {"model": "contenttypes.contenttype", "pk": 18, "fields": {"app_label": "trekkapp", "model": "article"}}, {"model": "contenttypes.contenttype", "pk": 19, "fields": {"app_label": "trekkapp", "model": "logger"}}, {"model": "contenttypes.contenttype", "pk": 20, "fields": {"app_label": "trekkapp", "model": "comment"}}, {"model": "contenttypes.contenttype", "pk": 21, "fields": {"app_label": "trekkapp", "model": "marquee"}}, {"model": "sessions.session", "pk": "1ofiem73giajmk1mgefcdtxhjwa8f590", "fields": {"session_data": ".eJxVjMsOwiAQRf-FtSE8O-DSvd9ABgakaiAp7cr479qkC93ec859sYDbWsM28hJmYmcm2el3i5geue2A7thunafe1mWOfFf4QQe_dsrPy-H-HVQc9VurEkFIkIqSNypbCzTJUsBkr_zkNLoShUtOKACIFomcjsJYtKizQc_eH85AN38:1slYBK:QdAwXmj7jIuk91SQ4CGUla9fKlpdmTmsCFSDiZQQikI", "expire_date": "2024-09-17T18:23:10.300Z"}}, {"model": "sessions.session", "pk": "d8x0pnsvjuuftf8srpnal29seeeze7z6", "fields": {"session_data": ".eJxVjDEOwyAQBP9CHSEwcIaU6f0GdHAQnERYMnYV5e_Bkouk2GZ3dt7M474Vv7e0-pnYlUl2-e0Cxmeqx0APrPeFx6Vu6xz4gfBzbXxaKL1uJ_snKNhKfwcgykGjseBCksai0zqDlEKMAMLGrrLkegiMTRBdHmhQKukxKgXEPl_xXTgY:1sJplG:2UG-B3eKRadflCRRbigSgepMFyHv_9EGxgcdlcA50ao", "expire_date": "2024-07-03T07:29:42.413Z"}}, {"model": "sessions.session", "pk": "gq2napkcxqu6f16rudggye9q3rwzh534", "fields": {"session_data": "eyJjYXB0Y2hhX3RleHQiOiJ3ZG5LcGIifQ:1sk7lG:owONp5DuB_NTE_jFtvgapFRG0Zi__l4eENQQGUq0vd4", "expire_date": "2024-09-13T19:58:22.420Z"}}, {"model": "sessions.session", "pk": "kuhdzy5c2fpm82uohdiizogk7wei17dn", "fields": {"session_data": ".eJxVjMsOwiAQRf-FtSE8O-DSvd9ABgakaiAp7cr479qkC93ec859sYDbWsM28hJmYmcm2el3i5geue2A7thunafe1mWOfFf4QQe_dsrPy-H-HVQc9VurEkFIkIqSNypbCzTJUsBkr_zkNLoShUtOKACIFomcjsJYtKizQc_eH85AN38:1sluuW:eNf5nVtSkNjJ0hobb_QfFcILgHTLLeXRndQqmUEX9R8", "expire_date": "2024-09-18T18:39:20.078Z"}}, {"model": "sessions.session", "pk": "v06e6npinosqtsxh08bwfjhoxi9cbwyb", "fields": {"session_data": ".eJxVjLEOwiAURf-F2ZDS0ldwdHdxcyIP3qtUDTUtTTTGf5cmHXS4y73nnrdwuOTolpknN5DYCyV2v53HcOO0DnTFdBllGFOeBi9XRG7rLI8j8f2wsX-CiHMsbw9EvdfYGrCeVWvQat2DUlXVAVQmFJUhW0LQGoZg-5rqpmHdhaaBVRrwkUNEl_mZizG9TvnM4vMFmMxAaQ:1sUuTj:GCuEgch3VPaV6hRCCp_uqj37ZgX7RxnV4-H9P9_OYd0", "expire_date": "2024-08-02T20:45:23.417Z"}}, {"model": "trekkapp.article", "pk": 1, "fields": {"title": "fuyiguoh", "content": "fyiguohiuyjyfkgulihglh;kbj,", "date": "2024-07-13", "image": "test_potato_early_blight.jpg", "likes": 2}}, {"model": "trekkapp.article", "pk": 2, "fields": {"title": "fuyiguoh", "content": "fyiguohiuyjyfkgulihglh;kbj,", "date": "2024-07-13", "image": "test_potato_early_blight_jssQRNz.jpg", "likes": 0}}, {"model": "trekkapp.logger", "pk": 1, "fields": {"user_name": "Jaideep", "password": "24042006"}}, {"model": "trekkapp.trekking", "pk": 1, "fields": {"title": "Monsson", "exclude": false}}, {"model": "trekkapp.trekking", "pk": 2, "fields": {"title": "Night", "exclude": false}}, {"model": "trekkapp.trekking", "pk": 3, "fields": {"title": "One day", "exclude": false}}, {"model": "trekkapp.trekking", "pk": 4, "fields": {"title": "Waterfall", "exclude": false}}, {"model": "trekkapp.festival", "pk": 1, "fields": {"title": "Fireflies", "exclude": false}}, {"model": "trekkapp.festival", "pk": 2, "fields": {"title": "Fruit", "exclude": false}}, {"model": "trekkapp.festival", "pk": 3, "fields": {"title": "Kite", "exclude": true}}, {"model": "trekkapp.festival", "pk": 4, "fields": {"title": "Turtal", "exclude": false}}, {"model": "trekkapp.festival", "pk": 5, "fields": {"title": "New Year", "exclude": false}}, {"model": "trekkapp.festival", "pk": 6, "fields": {"title": "Holi", "exclude": true}}, {"model": "trekkapp.festival", "pk": 8, "fields": {"title": "Garba", "exclude": false}}, {"model": "trekkapp.adventure", "pk": 1, "fields": {"title": "Rappling", "exclude": false}}, {"model": "trekkapp.adventure", "pk": 2, "fields": {"title": "Thrilling", "exclude": false}}, {"model": "trekkapp.city", "pk": 1, "fields": {"name": "Naneghat", "trekking": 1, "festival": null, "adventure": null, "intro": "oulkjghfdf", "difficulty": "easy", "date": "2024-06-21", "fees": 0, "info": "rtkyjthtjskdy", "itenary": "jtkdytjujtskdyk", "inclusions": "klu'oy;iltkrujyhstjugih", "upcoming": true, "image": "LOGO.png", "map": "<iframe src=\"https://www.google.com/maps/embed?pb=!1m18!1m12!1m3!1d3768.07931841176!2d72.82962437395439!3d19.19173764833135!2m3!1f0!2f0!3f0!3m2!1i1024!2i768!4f13.1!3m3!1m2!1s0x3be7b72e2cf5a19d%3A0xbe3acd83444503!2sTechno%20Graphix!5e0!3m2!1sen!2sin!4v1719401531201!5m2!1sen!2sin\" width=\"600\" height=\"450\" style=\"border:0;\" allowfullscreen=\"\" loading=\"lazy\" referrerpolicy=\"no-referrer-when-downgrade\"></iframe>"}}, {"model": "trekkapp.city", "pk": 2, "fields": {"name": "Devkund Waterfall", "trekking": 1, "festival": null, "adventure": null, "intro": "db", "difficulty": "easy", "date": "2024-06-21", "fees": 0, "info": "rtkyjthtjskdy", "itenary": "jtkdytjujtskdyk", "inclusions": "klu'oy;iltkrujyhstjugih", "upcoming": false, "image": "LOGO.png", "map": "<iframe src=\"https://www.google.com/maps/embed?pb=!1m18!1m12!1m3!1d3768.07931841176!2d72.82962437395439!3d19.19173764833135!2m3!1f0!2f0!3f0!3m2!1i1024!2i768!4f13.1!3m3!1m2!1s0x3be7b72e2cf5a19d%3A0xbe3acd83444503!2sTechno%20Graphix!5e0!3m2!1sen!2sin!4v1719401531201!5m2!1sen!2sin\" width=\"600\" height=\"450\" style=\"border:0;\" allowfullscreen=\"\" loading=\"lazy\" referrerpolicy=\"no-referrer-when-downgrade\"></iframe>"}}, {"model": "trekkapp.city", "pk": 3, "fields": {"name": "Garbett Plateau", "trekking": 1, "festival": null, "adventure": null, "intro": "oulkjghfdf", "difficulty": "easy", "date": "2024-06-21", "fees": 0, "info": "rtkyjthtjskdy", "itenary": "jtkdytjujtskdyk", "inclusions": "klu'oy;iltkrujyhstjugih", "upcoming": true, "image": "LOGO.png", "map": "<iframe src=\"https://www.google.com/maps/embed?pb=!1m18!1m12!1m3!1d3768.07931841176!2d72.82962437395439!3d19.19173764833135!2m3!1f0!2f0!3f0!3m2!1i1024!2i768!4f13.1!3m3!1m2!1s0x3be7b72e2cf5a19d%3A0xbe3acd83444503!2sTechno%20Graphix!5e0!3m2!1sen!2sin!4v1719401531201!5m2!1sen!2sin\" width=\"600\" height=\"450\" style=\"border:0;\" allowfullscreen=\"\" loading=\"lazy\" referrerpolicy=\"no-referrer-when-downgrade\"></iframe>"}}, {"model": "trekkapp.city", "pk": 4, "fields": {"name": "Kalsubai", "trekking": 2, "festival": null, "adventure": null, "intro": "oulkjghfdf", "difficulty": "easy", "date": "2024-06-21", "fees": 0, "info": "rtkyjthtjskdy", "itenary": "jtkdytjujtskdyk", "inclusions": "klu'oy;iltkrujyhstjugih", "upcoming": false, "image": "LOGO.png", "map": "<iframe src=\"https://www.google.com/maps/embed?pb=!1m18!1m12!1m3!1d3768.07931841176!2d72.82962437395439!3d19.19173764833135!2m3!1f0!2f0!3f0!3m2!1i1024!2i768!4f13.1!3m3!1m2!1s0x3be7b72e2cf5a19d%3A0xbe3acd83444503!2sTechno%20Graphix!5e0!3m2!1sen!2sin!4v1719401531201!5m2!1sen!2sin\" width=\"600\" height=\"450\" style=\"border:0;\" allowfullscreen=\"\" loading=\"lazy\" referrerpolicy=\"no-referrer-when-downgrade\"></iframe>"}}, {"model": "trekkapp.city", "pk": 5, "fields": {"name": "Harihar", "trekking": 2, "festival": null, "adventure": null, "intro": "db", "difficulty": "easy", "date": "2024-06-21", "fees": 0, "info": "rtkyjthtjskdy", "itenary": "jtkdytjujtskdyk", "inclusions": "klu'oy;iltkrujyhstjugih", "upcoming": false, "image": "LOGO.png", "map": "<iframe src=\"https://www.google.com/maps/embed?pb=!1m18!1m12!1m3!1d3768.07931841176!2d72.82962437395439!3d19.19173764833135!2m3!1f0!2f0!3f0!3m2!1i1024!2i768!4f13.1!3m3!1m2!1s0x3be7b72e2cf5a19d%3A0xbe3acd83444503!2sTechno%20Graphix!5e0!3m2!1sen!2sin!4v1719401531201!5m2!1sen!2sin\" width=\"600\" height=\"450\" style=\"border:0;\" allowfullscreen=\"\" loading=\"lazy\" referrerpolicy=\"no-referrer-when-downgrade\"></iframe>"}}, {"model": "trekkapp.city", "pk": 6, "fields": {"name": "Kothaligad", "trekking": 3, "festival": null, "adventure": null, "intro": "db", "difficulty": "easy", "date": "2024-06-21", "fees": 0, "info": "rtkyjthtjskdy", "itenary": "jtkdytjujtskdyk", "inclusions": "klu'oy;iltkrujyhstjugih", "upcoming": false, "image": "LOGO.png", "map": "<iframe src=\"https://www.google.com/maps/embed?pb=!1m18!1m12!1m3!1d3768.07931841176!2d72.82962437395439!3d19.19173764833135!2m3!1f0!2f0!3f0!3m2!1i1024!2i768!4f13.1!3m3!1m2!1s0x3be7b72e2cf5a19d%3A0xbe3acd83444503!2sTechno%20Graphix!5e0!3m2!1sen!2sin!4v1719401531201!5m2!1sen!2sin\" width=\"600\" height=\"450\" style=\"border:0;\" allowfullscreen=\"\" loading=\"lazy\" referrerpolicy=\"no-referrer-when-downgrade\"></iframe>"}}, {"model": "trekkapp.city", "pk": 7, "fields": {"name": "Sondai", "trekking": 3, "festival": null, "adventure": null, "intro": "oulkjghfdf", "difficulty": "easy", "date": "2024-06-21", "fees": 0, "info": "rtkyjthtjskdy", "itenary": "jtkdytjujtskdyk", "inclusions": "klu'oy;iltkrujyhstjugih", "upcoming": false, "image": "LOGO.png", "map": "<iframe src=\"https://www.google.com/maps/embed?pb=!1m18!1m12!1m3!1d3768.07931841176!2d72.82962437395439!3d19.19173764833135!2m3!1f0!2f0!3f0!3m2!1i1024!2i768!4f13.1!3m3!1m2!1s0x3be7b72e2cf5a19d%3A0xbe3acd83444503!2sTechno%20Graphix!5e0!3m2!1sen!2sin!4v1719401531201!5m2!1sen!2sin\" width=\"600\" height=\"450\" style=\"border:0;\" allowfullscreen=\"\" loading=\"lazy\" referrerpolicy=\"no-referrer-when-downgrade\"></iframe>"}}, {"model": "trekkapp.city", "pk": 8, "fields": {"name": "Peb Fort", "trekking": 1, "festival": null, "adventure": null, "intro": "oulkjghfdf", "difficulty": "easy", "date": "2024-06-21", "fees": 0, "info": "rtkyjthtjskdy", "itenary": "jtkdytjujtskdyk", "inclusions": "klu'oy;iltkrujyhstjugih", "upcoming": false, "image": "LOGO.png", "map": "<iframe src=\"https://www.google.com/maps/embed?pb=!1m18!1m12!1m3!1d3768.07931841176!2d72.82962437395439!3d19.19173764833135!2m3!1f0!2f0!3f0!3m2!1i1024!2i768!4f13.1!3m3!1m2!1s0x3be7b72e2cf5a19d%3A0xbe3acd83444503!2sTechno%20Graphix!5e0!3m2!1sen!2sin!4v1719401531201!5m2!1sen!2sin\" width=\"600\" height=\"450\" style=\"border:0;\" allowfullscreen=\"\" loading=\"lazy\" referrerpolicy=\"no-referrer-when-downgrade\"></iframe>"}}, {"model": "trekkapp.city", "pk": 9, "fields": {"name": "Harishchandra Ghat", "trekking": 1, "festival": null, "adventure": null, "intro": "oulkjghfdf", "difficulty": "easy", "date": "2024-06-22", "fees": 0, "info": "rtkyjthtjskdy", "itenary": "jtkdytjujtskdyk", "inclusions": "klu'oy;iltkrujyhstjugih", "upcoming": false, "image": "LOGO.png", "map": "<iframe src=\"https://www.google.com/maps/embed?pb=!1m18!1m12!1m3!1d3768.07931841176!2d72.82962437395439!3d19.19173764833135!2m3!1f0!2f0!3f0!3m2!1i1024!2i768!4f13.1!3m3!1m2!1s0x3be7b72e2cf5a19d%3A0xbe3acd83444503!2sTechno%20Graphix!5e0!3m2!1sen!2sin!4v1719401531201!5m2!1sen!2sin\" width=\"600\" height=\"450\" style=\"border:0;\" allowfullscreen=\"\" loading=\"lazy\" referrerpolicy=\"no-referrer-when-downgrade\"></iframe>"}}, {"model": "trekkapp.city", "pk": 10, "fields": {"name": "Aadrai Jungle Trek", "trekking": 1, "festival": null, "adventure": null, "intro": "oulkjghfdf", "difficulty": "easy", "date": "2024-06-22", "fees": 0, "info": "rtkyjthtjskdy", "itenary": "jtkdytjujtskdyk", "inclusions": "klu'oy;iltkrujyhstjugih", "upcoming": false, "image": "LOGO.png", "map": "<iframe src=\"https://www.google.com/maps/embed?pb=!1m18!1m12!1m3!1d3768.07931841176!2d72.82962437395439!3d19.19173764833135!2m3!1f0!2f0!3f0!3m2!1i1024!2i768!4f13.1!3m3!1m2!1s0x3be7b72e2cf5a19d%3A0xbe3acd83444503!2sTechno%20Graphix!5e0!3m2!1sen!2sin!4v1719401531201!5m2!1sen!2sin\" width=\"600\" height=\"450\" style=\"border:0;\" allowfullscreen=\"\" loading=\"lazy\" referrerpolicy=\"no-referrer-when-downgrade\"></iframe>"}}, {"model": "trekkapp.city", "pk": 11, "fields": {"name": "Andharban", "trekking": 1, "festival": null, "adventure": null, "intro": "oulkjghfdf", "difficulty": "easy", "date": "2024-06-22", "fees": 0, "info": "rtkyjthtjskdy", "itenary": "jtkdytjujtskdyk", "inclusions": "klu'oy;iltkrujyhstjugih", "upcoming": false, "image": "LOGO.png", "map": "<iframe src=\"https://www.google.com/maps/embed?pb=!1m18!1m12!1m3!1d3768.07931841176!2d72.82962437395439!3d19.19173764833135!2m3!1f0!2f0!3f0!3m2!1i1024!2i768!4f13.1!3m3!1m2!1s0x3be7b72e2cf5a19d%3A0xbe3acd83444503!2sTechno%20Graphix!5e0!3m2!1sen!2sin!4v1719401531201!5m2!1sen!2sin\" width=\"600\" height=\"450\" style=\"border:0;\" allowfullscreen=\"\" loading=\"lazy\" referrerpolicy=\"no-referrer-when-downgrade\"></iframe>"}}, {"model": "trekkapp.city", "pk": 12, "fields": {"name": "Rajmachi", "trekking": 1, "festival": null, "adventure": null, "intro": "oulkjghfdf", "difficulty": "easy", "date": "2024-06-22", "fees": 0, "info": "rtkyjthtjskdy", "itenary": "jtkdytjujtskdyk", "inclusions": "klu'oy;iltkrujyhstjugih", "upcoming": false, "image": "LOGO.png", "map": "<iframe src=\"https://www.google.com/maps/embed?pb=!1m18!1m12!1m3!1d3768.07931841176!2d72.82962437395439!3d19.19173764833135!2m3!1f0!2f0!3f0!3m2!1i1024!2i768!4f13.1!3m3!1m2!1s0x3be7b72e2cf5a19d%3A0xbe3acd83444503!2sTechno%20Graphix!5e0!3m2!1sen!2sin!4v1719401531201!5m2!1sen!2sin\" width=\"600\" height=\"450\" style=\"border:0;\" allowfullscreen=\"\" loading=\"lazy\" referrerpolicy=\"no-referrer-when-downgrade\"></iframe>"}}, {"model": "trekkapp.city", "pk": 13, "fields": {"name": "Kalavanti", "trekking": 2, "festival": null, "adventure": null, "intro": "oulkjghfdf", "difficulty": "easy", "date": "2024-06-22", "fees": 0, "info": "rtkyjthtjskdy", "itenary": "jtkdytjujtskdyk", "inclusions": "klu'oy;iltkrujyhstjugih", "upcoming": false, "image": "LOGO.png", "map": "<iframe src=\"https://www.google.com/maps/embed?pb=!1m18!1m12!1m3!1d3768.07931841176!2d72.82962437395439!3d19.19173764833135!2m3!1f0!2f0!3f0!3m2!1i1024!2i768!4f13.1!3m3!1m2!1s0x3be7b72e2cf5a19d%3A0xbe3acd83444503!2sTechno%20Graphix!5e0!3m2!1sen!2sin!4v1719401531201!5m2!1sen!2sin\" width=\"600\" height=\"450\" style=\"border:0;\" allowfullscreen=\"\" loading=\"lazy\" referrerpolicy=\"no-referrer-when-downgrade\"></iframe>"}}, {"model": "trekkapp.city", "pk": 14, "fields": {"name": "Harishchandra gad", "trekking": 2, "festival": null, "adventure": null, "intro": "db", "difficulty": "easy", "date": "2024-06-22", "fees": 0, "info": "rtkyjthtjskdy", "itenary": "jtkdytjujtskdyk", "inclusions": "klu'oy;iltkrujyhstjugih", "upcoming": false, "image": "LOGO.png", "map": "<iframe src=\"https://www.google.com/maps/embed?pb=!1m18!1m12!1m3!1d3768.07931841176!2d72.82962437395439!3d19.19173764833135!2m3!1f0!2f0!3f0!3m2!1i1024!2i768!4f13.1!3m3!1m2!1s0x3be7b72e2cf5a19d%3A0xbe3acd83444503!2sTechno%20Graphix!5e0!3m2!1sen!2sin!4v1719401531201!5m2!1sen!2sin\" width=\"600\" height=\"450\" style=\"border:0;\" allowfullscreen=\"\" loading=\"lazy\" referrerpolicy=\"no-referrer-when-downgrade\"></iframe>"}}, {"model": "trekkapp.city", "pk": 15, "fields": {"name": "Ratangad", "trekking": 2, "festival": null, "adventure": null, "intro": "oulkjghfdf", "difficulty": "easy", "date": "2024-06-22", "fees": 0, "info": "rtkyjthtjskdy", "itenary": "jtkdytjujtskdyk", "inclusions": "klu'oy;iltkrujyhstjugih", "upcoming": false, "image": "LOGO.png", "map": "<iframe src=\"https://www.google.com/maps/embed?pb=!1m18!1m12!1m3!1d3768.07931841176!2d72.82962437395439!3d19.19173764833135!2m3!1f0!2f0!3f0!3m2!1i1024!2i768!4f13.1!3m3!1m2!1s0x3be7b72e2cf5a19d%3A0xbe3acd83444503!2sTechno%20Graphix!5e0!3m2!1sen!2sin!4v1719401531201!5m2!1sen!2sin\" width=\"600\" height=\"450\" style=\"border:0;\" allowfullscreen=\"\" loading=\"lazy\" referrerpolicy=\"no-referrer-when-downgrade\"></iframe>"}}, {"model": "trekkapp.city", "pk": 16, "fields": {"name": "Kothaligad", "trekking": 2, "festival": null, "adventure": null, "intro": "oulkjghfdf", "difficulty": "easy", "date": "2024-06-22", "fees": 0, "info": "rtkyjthtjskdy", "itenary": "jtkdytjujtskdyk", "inclusions": "klu'oy;iltkrujyhstjugih", "upcoming": false, "image": "LOGO.png", "map": "<iframe src=\"https://www.google.com/maps/embed?pb=!1m18!1m12!1m3!1d3768.07931841176!2d72.82962437395439!3d19.19173764833135!2m3!1f0!2f0!3f0!3m2!1i1024!2i768!4f13.1!3m3!1m2!1s0x3be7b72e2cf5a19d%3A0xbe3acd83444503!2sTechno%20Graphix!5e0!3m2!1sen!2sin!4v1719401531201!5m2!1sen!2sin\" width=\"600\" height=\"450\" style=\"border:0;\" allowfullscreen=\"\" loading=\"lazy\" referrerpolicy=\"no-referrer-when-downgrade\"></iframe>"}}, {"model": "trekkapp.city", "pk": 17, "fields": {"name": "Sondai", "trekking": 2, "festival": null, "adventure": null, "intro": "oulkjghfdf", "difficulty": "easy", "date": "2024-06-22", "fees": 0, "info": "rtkyjthtjskdy", "itenary": "jtkdytjujtskdyk", "inclusions": "klu'oy;iltkrujyhstjugih", "upcoming": false, "image": "LOGO.png", "map": "<iframe src=\"https://www.google.com/maps/embed?pb=!1m18!1m12!1m3!1d3768.07931841176!2d72.82962437395439!3d19.19173764833135!2m3!1f0!2f0!3f0!3m2!1i1024!2i768!4f13.1!3m3!1m2!1s0x3be7b72e2cf5a19d%3A0xbe3acd83444503!2sTechno%20Graphix!5e0!3m2!1sen!2sin!4v1719401531201!5m2!1sen!2sin\" width=\"600\" height=\"450\" style=\"border:0;\" allowfullscreen=\"\" loading=\"lazy\" referrerpolicy=\"no-referrer-when-downgrade\"></iframe>"}}, {"model": "trekkapp.city", "pk": 18, "fields": {"name": "Sandhan Valley", "trekking": 2, "festival": null, "adventure": null, "intro": "oulkjghfdf", "difficulty": "easy", "date": "2024-06-22", "fees": 0, "info": "rtkyjthtjskdy", "itenary": "jtkdytjujtskdyk", "inclusions": "klu'oy;iltkrujyhstjugih", "upcoming": false, "image": "LOGO.png", "map": "<iframe src=\"https://www.google.com/maps/embed?pb=!1m18!1m12!1m3!1d3768.07931841176!2d72.82962437395439!3d19.19173764833135!2m3!1f0!2f0!3f0!3m2!1i1024!2i768!4f13.1!3m3!1m2!1s0x3be7b72e2cf5a19d%3A0xbe3acd83444503!2sTechno%20Graphix!5e0!3m2!1sen!2sin!4v1719401531201!5m2!1sen!2sin\" width=\"600\" height=\"450\" style=\"border:0;\" allowfullscreen=\"\" loading=\"lazy\" referrerpolicy=\"no-referrer-when-downgrade\"></iframe>"}}, {"model": "trekkapp.city", "pk": 19, "fields": {"name": "Bhimashankar", "trekking": 2, "festival": null, "adventure": null, "intro": "oulkjghfdf", "difficulty": "easy", "date": "2024-06-22", "fees": 0, "info": "rtkyjthtjskdy", "itenary": "jtkdytjujtskdyk", "inclusions": "klu'oy;iltkrujyhstjugih", "upcoming": false, "image": "LOGO.png", "map": "<iframe src=\"https://www.google.com/maps/embed?pb=!1m18!1m12!1m3!1d3768.07931841176!2d72.82962437395439!3d19.19173764833135!2m3!1f0!2f0!3f0!3m2!1i1024!2i768!4f13.1!3m3!1m2!1s0x3be7b72e2cf5a19d%3A0xbe3acd83444503!2sTechno%20Graphix!5e0!3m2!1sen!2sin!4v1719401531201!5m2!1sen!2sin\" width=\"600\" height=\"450\" style=\"border:0;\" allowfullscreen=\"\" loading=\"lazy\" referrerpolicy=\"no-referrer-when-downgrade\"></iframe>"}}, {"model": "trekkapp.city", "pk": 20, "fields": {"name": "Naneghat", "trekking": 2, "festival": null, "adventure": null, "intro": "db", "difficulty": "easy", "date": "2024-06-22", "fees": 0, "info": "rtkyjthtjskdy", "itenary": "jtkdytjujtskdyk", "inclusions": "klu'oy;iltkrujyhstjugih", "upcoming": false, "image": "LOGO.png", "map": "<iframe src=\"https://www.google.com/maps/embed?pb=!1m18!1m12!1m3!1d3768.07931841176!2d72.82962437395439!3d19.19173764833135!2m3!1f0!2f0!3f0!3m2!1i1024!2i768!4f13.1!3m3!1m2!1s0x3be7b72e2cf5a19d%3A0xbe3acd83444503!2sTechno%20Graphix!5e0!3m2!1sen!2sin!4v1719401531201!5m2!1sen!2sin\" width=\"600\" height=\"450\" style=\"border:0;\" allowfullscreen=\"\" loading=\"lazy\" referrerpolicy=\"no-referrer-when-downgrade\"></iframe>"}}, {"model": "trekkapp.city", "pk": 21, "fields": {"name": "Kalavanti", "trekking": 3, "festival": null, "adventure": null, "intro": "db", "difficulty": "easy", "date": "2024-06-22", "fees": 0, "info": "rtkyjthtjskdy", "itenary": "jtkdytjujtskdyk", "inclusions": "klu'oy;iltkrujyhstjugih", "upcoming": false, "image": "LOGO.png", "map": "<iframe src=\"https://www.google.com/maps/embed?pb=!1m18!1m12!1m3!1d3768.07931841176!2d72.82962437395439!3d19.19173764833135!2m3!1f0!2f0!3f0!3m2!1i1024!2i768!4f13.1!3m3!1m2!1s0x3be7b72e2cf5a19d%3A0xbe3acd83444503!2sTechno%20Graphix!5e0!3m2!1sen!2sin!4v1719401531201!5m2!1sen!2sin\" width=\"600\" height=\"450\" style=\"border:0;\" allowfullscreen=\"\" loading=\"lazy\" referrerpolicy=\"no-referrer-when-downgrade\"></iframe>"}}, {"model": "trekkapp.city", "pk": 22, "fields": {"name": "Lohagad", "trekking": 3, "festival": null, "adventure": null, "intro": "oulkjghfdf", "difficulty": "easy", "date": "2024-06-22", "fees": 0, "info": "rtkyjthtjskdy", "itenary": "jtkdytjujtskdyk", "inclusions": "klu'oy;iltkrujyhstjugih", "upcoming": false, "image": "LOGO.png", "map": "<iframe src=\"https://www.google.com/maps/embed?pb=!1m18!1m12!1m3!1d3768.07931841176!2d72.82962437395439!3d19.19173764833135!2m3!1f0!2f0!3f0!3m2!1i1024!2i768!4f13.1!3m3!1m2!1s0x3be7b72e2cf5a19d%3A0xbe3acd83444503!2sTechno%20Graphix!5e0!3m2!1sen!2sin!4v1719401531201!5m2!1sen!2sin\" width=\"600\" height=\"450\" style=\"border:0;\" allowfullscreen=\"\" loading=\"lazy\" referrerpolicy=\"no-referrer-when-downgrade\"></iframe>"}}, {"model": "trekkapp.city", "pk": 23, "fields": {"name": "Peb Fort", "trekking": 3, "festival": null, "adventure": null, "intro": "oulkjghfdf", "difficulty": "easy", "date": "2024-06-22", "fees": 0, "info": "rtkyjthtjskdy", "itenary": "jtkdytjujtskdyk", "inclusions": "klu'oy;iltkrujyhstjugih", "upcoming": false, "image": "LOGO.png", "map": "<iframe src=\"https://www.google.com/maps/embed?pb=!1m18!1m12!1m3!1d3768.07931841176!2d72.82962437395439!3d19.19173764833135!2m3!1f0!2f0!3f0!3m2!1i1024!2i768!4f13.1!3m3!1m2!1s0x3be7b72e2cf5a19d%3A0xbe3acd83444503!2sTechno%20Graphix!5e0!3m2!1sen!2sin!4v1719401531201!5m2!1sen!2sin\" width=\"600\" height=\"450\" style=\"border:0;\" allowfullscreen=\"\" loading=\"lazy\" referrerpolicy=\"no-referrer-when-downgrade\"></iframe>"}}, {"model": "trekkapp.city", "pk": 24, "fields": {"name": "Asherigad", "trekking": 3, "festival": null, "adventure": null, "intro": "oulkjghfdf", "difficulty": "easy", "date": "2024-06-22", "fees": 0, "info": "rtkyjthtjskdy", "itenary": "jtkdytjujtskdyk", "inclusions": "klu'oy;iltkrujyhstjugih", "upcoming": false, "image": "LOGO.png", "map": "<iframe src=\"https://www.google.com/maps/embed?pb=!1m18!1m12!1m3!1d3768.07931841176!2d72.82962437395439!3d19.19173764833135!2m3!1f0!2f0!3f0!3m2!1i1024!2i768!4f13.1!3m3!1m2!1s0x3be7b72e2cf5a19d%3A0xbe3acd83444503!2sTechno%20Graphix!5e0!3m2!1sen!2sin!4v1719401531201!5m2!1sen!2sin\" width=\"600\" height=\"450\" style=\"border:0;\" allowfullscreen=\"\" loading=\"lazy\" referrerpolicy=\"no-referrer-when-downgrade\"></iframe>"}}, {"model": "trekkapp.city", "pk": 25, "fields": {"name": "Takmak", "trekking": 3, "festival": null, "adventure": null, "intro": "oulkjghfdf", "difficulty": "easy", "date": "2024-06-22", "fees": 0, "info": "rtkyjthtjskdy", "itenary": "jtkdytjujtskdyk", "inclusions": "klu'oy;iltkrujyhstjugih", "upcoming": false, "image": "LOGO.png", "map": "<iframe src=\"https://www.google.com/maps/embed?pb=!1m18!1m12!1m3!1d3768.07931841176!2d72.82962437395439!3d19.19173764833135!2m3!1f0!2f0!3f0!3m2!1i1024!2i768!4f13.1!3m3!1m2!1s0x3be7b72e2cf5a19d%3A0xbe3acd83444503!2sTechno%20Graphix!5e0!3m2!1sen!2sin!4v1719401531201!5m2!1sen!2sin\" width=\"600\" height=\"450\" style=\"border:0;\" allowfullscreen=\"\" loading=\"lazy\" referrerpolicy=\"no-referrer-when-downgrade\"></iframe>"}}, {"model": "trekkapp.city", "pk": 26, "fields": {"name": "Kohoj", "trekking": 3, "festival": null, "adventure": null, "intro": "oulkjghfdf", "difficulty": "easy", "date": "2024-06-22", "fees": 0, "info": "rtkyjthtjskdy", "itenary": "jtkdytjujtskdyk", "inclusions": "klu'oy;iltkrujyhstjugih", "upcoming": false, "image": "LOGO.png", "map": "<iframe src=\"https://www.google.com/maps/embed?pb=!1m18!1m12!1m3!1d3768.07931841176!2d72.82962437395439!3d19.19173764833135!2m3!1f0!2f0!3f0!3m2!1i1024!2i768!4f13.1!3m3!1m2!1s0x3be7b72e2cf5a19d%3A0xbe3acd83444503!2sTechno%20Graphix!5e0!3m2!1sen!2sin!4v1719401531201!5m2!1sen!2sin\" width=\"600\" height=\"450\" style=\"border:0;\" allowfullscreen=\"\" loading=\"lazy\" referrerpolicy=\"no-referrer-when-downgrade\"></iframe>"}}, {"model": "trekkapp.city", "pk": 27, "fields": {"name": "Visapur", "trekking": 3, "festival": null, "adventure": null, "intro": "oulkjghfdf", "difficulty": "easy", "date": "2024-06-22", "fees": 0, "info": "rtkyjthtjskdy", "itenary": "jtkdytjujtskdyk", "inclusions": "klu'oy;iltkrujyhstjugih", "upcoming": false, "image": "LOGO.png", "map": "<iframe src=\"https://www.google.com/maps/embed?pb=!1m18!1m12!1m3!1d3768.07931841176!2d72.82962437395439!3d19.19173764833135!2m3!1f0!2f0!3f0!3m2!1i1024!2i768!4f13.1!3m3!1m2!1s0x3be7b72e2cf5a19d%3A0xbe3acd83444503!2sTechno%20Graphix!5e0!3m2!1sen!2sin!4v1719401531201!5m2!1sen!2sin\" width=\"600\" height=\"450\" style=\"border:0;\" allowfullscreen=\"\" loading=\"lazy\" referrerpolicy=\"no-referrer-when-downgrade\"></iframe>"}}, {"model": "trekkapp.city", "pk": 28, "fields": {"name": "Mahuli", "trekking": 3, "festival": null, "adventure": null, "intro": "oulkjghfdf", "difficulty": "easy", "date": "2024-06-22", "fees": 0, "info": "rtkyjthtjskdy", "itenary": "jtkdytjujtskdyk", "inclusions": "klu'oy;iltkrujyhstjugih", "upcoming": false, "image": "LOGO.png", "map": "<iframe src=\"https://www.google.com/maps/embed?pb=!1m18!1m12!1m3!1d3768.07931841176!2d72.82962437395439!3d19.19173764833135!2m3!1f0!2f0!3f0!3m2!1i1024!2i768!4f13.1!3m3!1m2!1s0x3be7b72e2cf5a19d%3A0xbe3acd83444503!2sTechno%20Graphix!5e0!3m2!1sen!2sin!4v1719401531201!5m2!1sen!2sin\" width=\"600\" height=\"450\" style=\"border:0;\" allowfullscreen=\"\" loading=\"lazy\" referrerpolicy=\"no-referrer-when-downgrade\"></iframe>"}}, {"model": "trekkapp.city", "pk": 29, "fields": {"name": "Kaldurg", "trekking": 3, "festival": null, "adventure": null, "intro": "oulkjghfdf", "difficulty": "easy", "date": "2024-06-22", "fees": 0, "info": "rtkyjthtjskdy", "itenary": "jtkdytjujtskdyk", "inclusions": "klu'oy;iltkrujyhstjugih", "upcoming": false, "image": "LOGO.png", "map": "<iframe src=\"https://www.google.com/maps/embed?pb=!1m18!1m12!1m3!1d3768.07931841176!2d72.82962437395439!3d19.19173764833135!2m3!1f0!2f0!3f0!3m2!1i1024!2i768!4f13.1!3m3!1m2!1s0x3be7b72e2cf5a19d%3A0xbe3acd83444503!2sTechno%20Graphix!5e0!3m2!1sen!2sin!4v1719401531201!5m2!1sen!2sin\" width=\"600\" height=\"450\" style=\"border:0;\" allowfullscreen=\"\" loading=\"lazy\" referrerpolicy=\"no-referrer-when-downgrade\"></iframe>"}}, {"model": "trekkapp.city", "pk": 30, "fields": {"name": "Garbett Platue", "trekking": 3, "festival": null, "adventure": null, "intro": "oulkjghfdf", "difficulty": "easy", "date": "2024-06-22", "fees": 0, "info": "rtkyjthtjskdy", "itenary": "jtkdytjujtskdyk", "inclusions": "klu'oy;iltkrujyhstjugih", "upcoming": false, "image": "LOGO.png", "map": "<iframe src=\"https://www.google.com/maps/embed?pb=!1m18!1m12!1m3!1d3768.07931841176!2d72.82962437395439!3d19.19173764833135!2m3!1f0!2f0!3f0!3m2!1i1024!2i768!4f13.1!3m3!1m2!1s0x3be7b72e2cf5a19d%3A0xbe3acd83444503!2sTechno%20Graphix!5e0!3m2!1sen!2sin!4v1719401531201!5m2!1sen!2sin\" width=\"600\" height=\"450\" style=\"border:0;\" allowfullscreen=\"\" loading=\"lazy\" referrerpolicy=\"no-referrer-when-downgrade\"></iframe>"}}, {"model": "trekkapp.city", "pk": 31, "fields": {"name": "Karnala", "trekking": 3, "festival": null, "adventure": null, "intro": "oulkjghfdf", "difficulty": "easy", "date": "2024-06-22", "fees": 0, "info": "rtkyjthtjskdy", "itenary": "jtkdytjujtskdyk", "inclusions": "klu'oy;iltkrujyhstjugih", "upcoming": false, "image": "LOGO.png", "map": "<iframe src=\"https://www.google.com/maps/embed?pb=!1m18!1m12!1m3!1d3768.07931841176!2d72.82962437395439!3d19.19173764833135!2m3!1f0!2f0!3f0!3m2!1i1024!2i768!4f13.1!3m3!1m2!1s0x3be7b72e2cf5a19d%3A0xbe3acd83444503!2sTechno%20Graphix!5e0!3m2!1sen!2sin!4v1719401531201!5m2!1sen!2sin\" width=\"600\" height=\"450\" style=\"border:0;\" allowfullscreen=\"\" loading=\"lazy\" referrerpolicy=\"no-referrer-when-downgrade\"></iframe>"}}, {"model": "trekkapp.city", "pk": 32, "fields": {"name": "Tungareshwar", "trekking": 4, "festival": null, "adventure": null, "intro": "oulkjghfdf", "difficulty": "easy", "date": "2024-06-22", "fees": 0, "info": "rtkyjthtjskdy", "itenary": "jtkdytjujtskdyk", "inclusions": "klu'oy;iltkrujyhstjugih", "upcoming": false, "image": "LOGO.png", "map": "<iframe src=\"https://www.google.com/maps/embed?pb=!1m18!1m12!1m3!1d3768.07931841176!2d72.82962437395439!3d19.19173764833135!2m3!1f0!2f0!3f0!3m2!1i1024!2i768!4f13.1!3m3!1m2!1s0x3be7b72e2cf5a19d%3A0xbe3acd83444503!2sTechno%20Graphix!5e0!3m2!1sen!2sin!4v1719401531201!5m2!1sen!2sin\" width=\"600\" height=\"450\" style=\"border:0;\" allowfullscreen=\"\" loading=\"lazy\" referrerpolicy=\"no-referrer-when-downgrade\"></iframe>"}}, {"model": "trekkapp.city", "pk": 33, "fields": {"name": "Chinchoti", "trekking": 4, "festival": null, "adventure": null, "intro": "db", "difficulty": "easy", "date": "2024-06-22", "fees": 0, "info": "rtkyjthtjskdy", "itenary": "jtkdytjujtskdyk", "inclusions": "klu'oy;iltkrujyhstjugih", "upcoming": false, "image": "LOGO.png", "map": "<iframe src=\"https://www.google.com/maps/embed?pb=!1m18!1m12!1m3!1d3768.07931841176!2d72.82962437395439!3d19.19173764833135!2m3!1f0!2f0!3f0!3m2!1i1024!2i768!4f13.1!3m3!1m2!1s0x3be7b72e2cf5a19d%3A0xbe3acd83444503!2sTechno%20Graphix!5e0!3m2!1sen!2sin!4v1719401531201!5m2!1sen!2sin\" width=\"600\" height=\"450\" style=\"border:0;\" allowfullscreen=\"\" loading=\"lazy\" referrerpolicy=\"no-referrer-when-downgrade\"></iframe>"}}, {"model": "trekkapp.city", "pk": 34, "fields": {"name": "Saphade", "trekking": 4, "festival": null, "adventure": null, "intro": "oulkjghfdf", "difficulty": "easy", "date": "2024-06-22", "fees": 0, "info": "rtkyjthtjskdy", "itenary": "jtkdytjujtskdyk", "inclusions": "klu'oy;iltkrujyhstjugih", "upcoming": false, "image": "LOGO.png", "map": "<iframe src=\"https://www.google.com/maps/embed?pb=!1m18!1m12!1m3!1d3768.07931841176!2d72.82962437395439!3d19.19173764833135!2m3!1f0!2f0!3f0!3m2!1i1024!2i768!4f13.1!3m3!1m2!1s0x3be7b72e2cf5a19d%3A0xbe3acd83444503!2sTechno%20Graphix!5e0!3m2!1sen!2sin!4v1719401531201!5m2!1sen!2sin\" width=\"600\" height=\"450\" style=\"border:0;\" allowfullscreen=\"\" loading=\"lazy\" referrerpolicy=\"no-referrer-when-downgrade\"></iframe>"}}, {"model": "trekkapp.city", "pk": 35, "fields": {"name": "Devkund", "trekking": 4, "festival": null, "adventure": null, "intro": "oulkjghfdf", "difficulty": "easy", "date": "2024-06-22", "fees": 0, "info": "rtkyjthtjskdy", "itenary": "jtkdytjujtskdyk", "inclusions": "klu'oy;iltkrujyhstjugih", "upcoming": false, "image": "LOGO.png", "map": "<iframe src=\"https://www.google.com/maps/embed?pb=!1m18!1m12!1m3!1d3768.07931841176!2d72.82962437395439!3d19.19173764833135!2m3!1f0!2f0!3f0!3m2!1i1024!2i768!4f13.1!3m3!1m2!1s0x3be7b72e2cf5a19d%3A0xbe3acd83444503!2sTechno%20Graphix!5e0!3m2!1sen!2sin!4v1719401531201!5m2!1sen!2sin\" width=\"600\" height=\"450\" style=\"border:0;\" allowfullscreen=\"\" loading=\"lazy\" referrerpolicy=\"no-referrer-when-downgrade\"></iframe>"}}, {"model": "trekkapp.city", "pk": 36, "fields": {"name": "Dikshal", "trekking": 4, "festival": null, "adventure": null, "intro": "oulkjghfdf", "difficulty": "easy", "date": "2024-06-22", "fees": 0, "info": "rtkyjthtjskdy", "itenary": "jtkdytjujtskdyk", "inclusions": "klu'oy;iltkrujyhstjugih", "upcoming": false, "image": "LOGO.png", "map": "<iframe src=\"https://www.google.com/maps/embed?pb=!1m18!1m12!1m3!1d3768.07931841176!2d72.82962437395439!3d19.19173764833135!2m3!1f0!2f0!3f0!3m2!1i1024!2i768!4f13.1!3m3!1m2!1s0x3be7b72e2cf5a19d%3A0xbe3acd83444503!2sTechno%20Graphix!5e0!3m2!1sen!2sin!4v1719401531201!5m2!1sen!2sin\" width=\"600\" height=\"450\" style=\"border:0;\" allowfullscreen=\"\" loading=\"lazy\" referrerpolicy=\"no-referrer-when-downgrade\"></iframe>"}}, {"model": "trekkapp.city", "pk": 37, "fields": {"name": "Kalu Waterfall", "trekking": 4, "festival": null, "adventure": null, "intro": "db", "difficulty": "easy", "date": "2024-07-11", "fees": 0, "info": "rtkyjthtjskdy", "itenary": "jtkdytjujtskdyk", "inclusions": "klu'oy;iltkrujyhstjugih", "upcoming": false, "image": "LOGO.png", "map": "<iframe src=\"https://www.google.com/maps/embed?pb=!1m18!1m12!1m3!1d3768.07931841176!2d72.82962437395439!3d19.19173764833135!2m3!1f0!2f0!3f0!3m2!1i1024!2i768!4f13.1!3m3!1m2!1s0x3be7b72e2cf5a19d%3A0xbe3acd83444503!2sTechno%20Graphix!5e0!3m2!1sen!2sin!4v1719401531201!5m2!1sen!2sin\" width=\"600\" height=\"450\" style=\"border:0;\" allowfullscreen=\"\" loading=\"lazy\" referrerpolicy=\"no-referrer-when-downgrade\"></iframe>"}}, {"model": "trekkapp.city", "pk": 38, "fields": {"name": "Kondana", "trekking": 4, "festival": null, "adventure": null, "intro": "oulkjghfdf", "difficulty": "easy", "date": "2024-06-22", "fees": 0, "info": "rtkyjthtjskdy", "itenary": "jtkdytjujtskdyk", "inclusions": "klu'oy;iltkrujyhstjugih", "upcoming": true, "image": "LOGO.png", "map": "<iframe src=\"https://www.google.com/maps/embed?pb=!1m18!1m12!1m3!1d3768.07931841176!2d72.82962437395439!3d19.19173764833135!2m3!1f0!2f0!3f0!3m2!1i1024!2i768!4f13.1!3m3!1m2!1s0x3be7b72e2cf5a19d%3A0xbe3acd83444503!2sTechno%20Graphix!5e0!3m2!1sen!2sin!4v1719401531201!5m2!1sen!2sin\" width=\"600\" height=\"450\" style=\"border:0;\" allowfullscreen=\"\" loading=\"lazy\" referrerpolicy=\"no-referrer-when-downgrade\"></iframe>"}}, {"model": "trekkapp.city", "pk": 39, "fields": {"name": "Harihar Trek", "trekking": null, "festival": 1, "adventure": null, "intro": "oulkjghfdf", "difficulty": "easy", "date": "2024-06-24", "fees": 0, "info": "rtkyjthtjskdy", "itenary": "jtkdytjujtskdyk", "inclusions": "klu'oy;iltkrujyhstjugih", "upcoming": false, "image": "LOGO.png", "map": "<iframe src=\"https://www.google.com/maps/embed?pb=!1m18!1m12!1m3!1d3768.07931841176!2d72.82962437395439!3d19.19173764833135!2m3!1f0!2f0!3f0!3m2!1i1024!2i768!4f13.1!3m3!1m2!1s0x3be7b72e2cf5a19d%3A0xbe3acd83444503!2sTechno%20Graphix!5e0!3m2!1sen!2sin!4v1719401531201!5m2!1sen!2sin\" width=\"600\" height=\"450\" style=\"border:0;\" allowfullscreen=\"\" loading=\"lazy\" referrerpolicy=\"no-referrer-when-downgrade\"></iframe>"}}, {"model": "trekkapp.city", "pk": 40, "fields": {"name": "Sandhya Valley", "trekking": null, "festival": 1, "adventure": null, "intro": "db", "difficulty": "easy", "date": "2024-06-24", "fees": 0, "info": "rtkyjthtjskdy", "itenary": "jtkdytjujtskdyk", "inclusions": "klu'oy;iltkrujyhstjugih", "upcoming": false, "image": "LOGO.png", "map": "<iframe src=\"https://www.google.com/maps/embed?pb=!1m18!1m12!1m3!1d3768.07931841176!2d72.82962437395439!3d19.19173764833135!2m3!1f0!2f0!3f0!3m2!1i1024!2i768!4f13.1!3m3!1m2!1s0x3be7b72e2cf5a19d%3A0xbe3acd83444503!2sTechno%20Graphix!5e0!3m2!1sen!2sin!4v1719401531201!5m2!1sen!2sin\" width=\"600\" height=\"450\" style=\"border:0;\" allowfullscreen=\"\" loading=\"lazy\" referrerpolicy=\"no-referrer-when-downgrade\"></iframe>"}}, {"model": "trekkapp.city", "pk": 41, "fields": {"name": "Rajmachi Trek", "trekking": null, "festival": 1, "adventure": null, "intro": "oulkjghfdf", "difficulty": "easy", "date": "2024-06-24", "fees": 0, "info": "rtkyjthtjskdy", "itenary": "jtkdytjujtskdyk", "inclusions": "klu'oy;iltkrujyhstjugih", "upcoming": false, "image": "LOGO.png", "map": "<iframe src=\"https://www.google.com/maps/embed?pb=!1m18!1m12!1m3!1d3768.07931841176!2d72.82962437395439!3d19.19173764833135!2m3!1f0!2f0!3f0!3m2!1i1024!2i768!4f13.1!3m3!1m2!1s0x3be7b72e2cf5a19d%3A0xbe3acd83444503!2sTechno%20Graphix!5e0!3m2!1sen!2sin!4v1719401531201!5m2!1sen!2sin\" width=\"600\" height=\"450\" style=\"border:0;\" allowfullscreen=\"\" loading=\"lazy\" referrerpolicy=\"no-referrer-when-downgrade\"></iframe>"}}, {"model": "trekkapp.city", "pk": 42, "fields": {"name": "Igatpuri Camping + Watersports", "trekking": null, "festival": 1, "adventure": null, "intro": "oulkjghfdf", "difficulty": "easy", "date": "2024-06-24", "fees": 0, "info": "rtkyjthtjskdy", "itenary": "jtkdytjujtskdyk", "inclusions": "klu'oy;iltkrujyhstjugih", "upcoming": false, "image": "LOGO.png", "map": "<iframe src=\"https://www.google.com/maps/embed?pb=!1m18!1m12!1m3!1d3768.07931841176!2d72.82962437395439!3d19.19173764833135!2m3!1f0!2f0!3f0!3m2!1i1024!2i768!4f13.1!3m3!1m2!1s0x3be7b72e2cf5a19d%3A0xbe3acd83444503!2sTechno%20Graphix!5e0!3m2!1sen!2sin!4v1719401531201!5m2!1sen!2sin\" width=\"600\" height=\"450\" style=\"border:0;\" allowfullscreen=\"\" loading=\"lazy\" referrerpolicy=\"no-referrer-when-downgrade\"></iframe>"}}, {"model": "trekkapp.city", "pk": 43, "fields": {"name": "Kothaligad Trek", "trekking": null, "festival": 1, "adventure": null, "intro": "oulkjghfdf", "difficulty": "easy", "date": "2024-06-24", "fees": 0, "info": "rtkyjthtjskdy", "itenary": "jtkdytjujtskdyk", "inclusions": "klu'oy;iltkrujyhstjugih", "upcoming": false, "image": "LOGO.png", "map": "<iframe src=\"https://www.google.com/maps/embed?pb=!1m18!1m12!1m3!1d3768.07931841176!2d72.82962437395439!3d19.19173764833135!2m3!1f0!2f0!3f0!3m2!1i1024!2i768!4f13.1!3m3!1m2!1s0x3be7b72e2cf5a19d%3A0xbe3acd83444503!2sTechno%20Graphix!5e0!3m2!1sen!2sin!4v1719401531201!5m2!1sen!2sin\" width=\"600\" height=\"450\" style=\"border:0;\" allowfullscreen=\"\" loading=\"lazy\" referrerpolicy=\"no-referrer-when-downgrade\"></iframe>"}}, {"model": "trekkapp.city", "pk": 44, "fields": {"name": "Kalavanti Trek", "trekking": null, "festival": 1, "adventure": null, "intro": "oulkjghfdf", "difficulty": "easy", "date": "2024-06-24", "fees": 0, "info": "rtkyjthtjskdy", "itenary": "jtkdytjujtskdyk", "inclusions": "klu'oy;iltkrujyhstjugih", "upcoming": false, "image": "LOGO.png", "map": "<iframe src=\"https://www.google.com/maps/embed?pb=!1m18!1m12!1m3!1d3768.07931841176!2d72.82962437395439!3d19.19173764833135!2m3!1f0!2f0!3f0!3m2!1i1024!2i768!4f13.1!3m3!1m2!1s0x3be7b72e2cf5a19d%3A0xbe3acd83444503!2sTechno%20Graphix!5e0!3m2!1sen!2sin!4v1719401531201!5m2!1sen!2sin\" width=\"600\" height=\"450\" style=\"border:0;\" allowfullscreen=\"\" loading=\"lazy\" referrerpolicy=\"no-referrer-when-downgrade\"></iframe>"}}, {"model": "trekkapp.city", "pk": 45, "fields": {"name": "Prabalgad Trek", "trekking": null, "festival": 1, "adventure": null, "intro": "oulkjghfdf", "difficulty": "easy", "date": "2024-06-24", "fees": 0, "info": "rtkyjthtjskdy", "itenary": "jtkdytjujtskdyk", "inclusions": "klu'oy;iltkrujyhstjugih", "upcoming": false, "image": "LOGO.png", "map": "<iframe src=\"https://www.google.com/maps/embed?pb=!1m18!1m12!1m3!1d3768.07931841176!2d72.82962437395439!3d19.19173764833135!2m3!1f0!2f0!3f0!3m2!1i1024!2i768!4f13.1!3m3!1m2!1s0x3be7b72e2cf5a19d%3A0xbe3acd83444503!2sTechno%20Graphix!5e0!3m2!1sen!2sin!4v1719401531201!5m2!1sen!2sin\" width=\"600\" height=\"450\" style=\"border:0;\" allowfullscreen=\"\" loading=\"lazy\" referrerpolicy=\"no-referrer-when-downgrade\"></iframe>"}}, {"model": "trekkapp.city", "pk": 46, "fields": {"name": "One Day", "trekking": null, "festival": 2, "adventure": null, "intro": "oulkjghfdf", "difficulty": "easy", "date": "2024-06-24", "fees": 0, "info": "rtkyjthtjskdy", "itenary": "jtkdytjujtskdyk", "inclusions": "klu'oy;iltkrujyhstjugih", "upcoming": false, "image": "LOGO.png", "map": "<iframe src=\"https://www.google.com/maps/embed?pb=!1m18!1m12!1m3!1d3768.07931841176!2d72.82962437395439!3d19.19173764833135!2m3!1f0!2f0!3f0!3m2!1i1024!2i768!4f13.1!3m3!1m2!1s0x3be7b72e2cf5a19d%3A0xbe3acd83444503!2sTechno%20Graphix!5e0!3m2!1sen!2sin!4v1719401531201!5m2!1sen!2sin\" width=\"600\" height=\"450\" style=\"border:0;\" allowfullscreen=\"\" loading=\"lazy\" referrerpolicy=\"no-referrer-when-downgrade\"></iframe>"}}, {"model": "trekkapp.city", "pk": 47, "fields": {"name": "Mango", "trekking": null, "festival": 2, "adventure": null, "intro": "oulkjghfdf", "difficulty": "easy", "date": "2024-06-24", "fees": 0, "info": "rtkyjthtjskdy", "itenary": "jtkdytjujtskdyk", "inclusions": "klu'oy;iltkrujyhstjugih", "upcoming": true, "image": "LOGO.png", "map": "<iframe src=\"https://www.google.com/maps/embed?pb=!1m18!1m12!1m3!1d3768.07931841176!2d72.82962437395439!3d19.19173764833135!2m3!1f0!2f0!3f0!3m2!1i1024!2i768!4f13.1!3m3!1m2!1s0x3be7b72e2cf5a19d%3A0xbe3acd83444503!2sTechno%20Graphix!5e0!3m2!1sen!2sin!4v1719401531201!5m2!1sen!2sin\" width=\"600\" height=\"450\" style=\"border:0;\" allowfullscreen=\"\" loading=\"lazy\" referrerpolicy=\"no-referrer-when-downgrade\"></iframe>"}}, {"model": "trekkapp.city", "pk": 48, "fields": {"name": "Watermellon", "trekking": null, "festival": 2, "adventure": null, "intro": "oulkjghfdf", "difficulty": "easy", "date": "2024-06-24", "fees": 0, "info": "rtkyjthtjskdy", "itenary": "jtkdytjujtskdyk", "inclusions": "klu'oy;iltkrujyhstjugih", "upcoming": false, "image": "LOGO.png", "map": "<iframe src=\"https://www.google.com/maps/embed?pb=!1m18!1m12!1m3!1d3768.07931841176!2d72.82962437395439!3d19.19173764833135!2m3!1f0!2f0!3f0!3m2!1i1024!2i768!4f13.1!3m3!1m2!1s0x3be7b72e2cf5a19d%3A0xbe3acd83444503!2sTechno%20Graphix!5e0!3m2!1sen!2sin!4v1719401531201!5m2!1sen!2sin\" width=\"600\" height=\"450\" style=\"border:0;\" allowfullscreen=\"\" loading=\"lazy\" referrerpolicy=\"no-referrer-when-downgrade\"></iframe>"}}, {"model": "trekkapp.city", "pk": 49, "fields": {"name": "Velas", "trekking": null, "festival": 4, "adventure": null, "intro": "oulkjghfdf", "difficulty": "easy", "date": "2024-06-24", "fees": 0, "info": "rtkyjthtjskdy", "itenary": "jtkdytjujtskdyk", "inclusions": "klu'oy;iltkrujyhstjugih", "upcoming": true, "image": "LOGO.png", "map": "<iframe src=\"https://www.google.com/maps/embed?pb=!1m18!1m12!1m3!1d3768.07931841176!2d72.82962437395439!3d19.19173764833135!2m3!1f0!2f0!3f0!3m2!1i1024!2i768!4f13.1!3m3!1m2!1s0x3be7b72e2cf5a19d%3A0xbe3acd83444503!2sTechno%20Graphix!5e0!3m2!1sen!2sin!4v1719401531201!5m2!1sen!2sin\" width=\"600\" height=\"450\" style=\"border:0;\" allowfullscreen=\"\" loading=\"lazy\" referrerpolicy=\"no-referrer-when-downgrade\"></iframe>"}}, {"model": "trekkapp.city", "pk": 50, "fields": {"name": "Camping", "trekking": null, "festival": 5, "adventure": null, "intro": "oulkjghfdf", "difficulty": "easy", "date": "2024-06-24", "fees": 0, "info": "rtkyjthtjskdy", "itenary": "jtkdytjujtskdyk", "inclusions": "klu'oy;iltkrujyhstjugih", "upcoming": false, "image": "LOGO.png", "map": "<iframe src=\"https://www.google.com/maps/embed?pb=!1m18!1m12!1m3!1d3768.07931841176!2d72.82962437395439!3d19.19173764833135!2m3!1f0!2f0!3f0!3m2!1i1024!2i768!4f13.1!3m3!1m2!1s0x3be7b72e2cf5a19d%3A0xbe3acd83444503!2sTechno%20Graphix!5e0!3m2!1sen!2sin!4v1719401531201!5m2!1sen!2sin\" width=\"600\" height=\"450\" style=\"border:0;\" allowfullscreen=\"\" loading=\"lazy\" referrerpolicy=\"no-referrer-when-downgrade\"></iframe>"}}, {"model": "trekkapp.city", "pk": 51, "fields": {"name": "1 Day", "trekking": null, "festival": 5, "adventure": null, "intro": "oulkjghfdf", "difficulty": "easy", "date": "2024-06-24", "fees": 0, "info": "rtkyjthtjskdy", "itenary": "jtkdytjujtskdyk", "inclusions": "klu'oy;iltkrujyhstjugih", "upcoming": false, "image": "LOGO.png", "map": "<iframe src=\"https://www.google.com/maps/embed?pb=!1m18!1m12!1m3!1d3768.07931841176!2d72.82962437395439!3d19.19173764833135!2m3!1f0!2f0!3f0!3m2!1i1024!2i768!4f13.1!3m3!1m2!1s0x3be7b72e2cf5a19d%3A0xbe3acd83444503!2sTechno%20Graphix!5e0!3m2!1sen!2sin!4v1719401531201!5m2!1sen!2sin\" width=\"600\" height=\"450\" style=\"border:0;\" allowfullscreen=\"\" loading=\"lazy\" referrerpolicy=\"no-referrer-when-downgrade\"></iframe>"}}, {"model": "trekkapp.city", "pk": 52, "fields": {"name": "Dikshal Waterfall+ Rappelling", "trekking": null, "festival": null, "adventure": 1, "intro": "oulkjghfdf", "difficulty": "easy", "date": "2024-06-24", "fees": 0, "info": "rtkyjthtjskdy", "itenary": "jtkdytjujtskdyk", "inclusions": "klu'oy;iltkrujyhstjugih", "upcoming": false, "image": "LOGO.png", "map": "<iframe src=\"https://www.google.com/maps/embed?pb=!1m18!1m12!1m3!1d3768.07931841176!2d72.82962437395439!3d19.19173764833135!2m3!1f0!2f0!3f0!3m2!1i1024!2i768!4f13.1!3m3!1m2!1s0x3be7b72e2cf5a19d%3A0xbe3acd83444503!2sTechno%20Graphix!5e0!3m2!1sen!2sin!4v1719401531201!5m2!1sen!2sin\" width=\"600\" height=\"450\" style=\"border:0;\" allowfullscreen=\"\" loading=\"lazy\" referrerpolicy=\"no-referrer-when-downgrade\"></iframe>"}}, {"model": "trekkapp.city", "pk": 53, "fields": {"name": "Bhairavgad Waterfall Rappelling", "trekking": null, "festival": null, "adventure": 1, "intro": "oulkjghfdf", "difficulty": "easy", "date": "2024-06-24", "fees": 0, "info": "rtkyjthtjskdy", "itenary": "jtkdytjujtskdyk", "inclusions": "klu'oy;iltkrujyhstjugih", "upcoming": false, "image": "LOGO.png", "map": "<iframe src=\"https://www.google.com/maps/embed?pb=!1m18!1m12!1m3!1d3768.07931841176!2d72.82962437395439!3d19.19173764833135!2m3!1f0!2f0!3f0!3m2!1i1024!2i768!4f13.1!3m3!1m2!1s0x3be7b72e2cf5a19d%3A0xbe3acd83444503!2sTechno%20Graphix!5e0!3m2!1sen!2sin!4v1719401531201!5m2!1sen!2sin\" width=\"600\" height=\"450\" style=\"border:0;\" allowfullscreen=\"\" loading=\"lazy\" referrerpolicy=\"no-referrer-when-downgrade\"></iframe>"}}, {"model": "trekkapp.city", "pk": 54, "fields": {"name": "Bhairavgad Rappelling", "trekking": null, "festival": null, "adventure": 1, "intro": "oulkjghfdf", "difficulty": "easy", "date": "2024-06-24", "fees": 0, "info": "rtkyjthtjskdy", "itenary": "jtkdytjujtskdyk", "inclusions": "klu'oy;iltkrujyhstjugih", "upcoming": false, "image": "LOGO.png", "map": "<iframe src=\"https://www.google.com/maps/embed?pb=!1m18!1m12!1m3!1d3768.07931841176!2d72.82962437395439!3d19.19173764833135!2m3!1f0!2f0!3f0!3m2!1i1024!2i768!4f13.1!3m3!1m2!1s0x3be7b72e2cf5a19d%3A0xbe3acd83444503!2sTechno%20Graphix!5e0!3m2!1sen!2sin!4v1719401531201!5m2!1sen!2sin\" width=\"600\" height=\"450\" style=\"border:0;\" allowfullscreen=\"\" loading=\"lazy\" referrerpolicy=\"no-referrer-when-downgrade\"></iframe>"}}, {"model": "trekkapp.city", "pk": 55, "fields": {"name": "Sandhan valley Trek With Rappelling", "trekking": null, "festival": null, "adventure": 1, "intro": "oulkjghfdf", "difficulty": "easy", "date": "2024-06-24", "fees": 0, "info": "rtkyjthtjskdy", "itenary": "jtkdytjujtskdyk", "inclusions": "klu'oy;iltkrujyhstjugih", "upcoming": false, "image": "LOGO.png", "map": "<iframe src=\"https://www.google.com/maps/embed?pb=!1m18!1m12!1m3!1d3768.07931841176!2d72.82962437395439!3d19.19173764833135!2m3!1f0!2f0!3f0!3m2!1i1024!2i768!4f13.1!3m3!1m2!1s0x3be7b72e2cf5a19d%3A0xbe3acd83444503!2sTechno%20Graphix!5e0!3m2!1sen!2sin!4v1719401531201!5m2!1sen!2sin\" width=\"600\" height=\"450\" style=\"border:0;\" allowfullscreen=\"\" loading=\"lazy\" referrerpolicy=\"no-referrer-when-downgrade\"></iframe>"}}, {"model": "trekkapp.city", "pk": 56, "fields": {"name": "AMK", "trekking": null, "festival": null, "adventure": 1, "intro": "oulkjghfdf", "difficulty": "easy", "date": "2024-06-24", "fees": 0, "info": "rtkyjthtjskdy", "itenary": "jtkdytjujtskdyk", "inclusions": "klu'oy;iltkrujyhstjugih", "upcoming": false, "image": "LOGO.png", "map": "<iframe src=\"https://www.google.com/maps/embed?pb=!1m18!1m12!1m3!1d3768.07931841176!2d72.82962437395439!3d19.19173764833135!2m3!1f0!2f0!3f0!3m2!1i1024!2i768!4f13.1!3m3!1m2!1s0x3be7b72e2cf5a19d%3A0xbe3acd83444503!2sTechno%20Graphix!5e0!3m2!1sen!2sin!4v1719401531201!5m2!1sen!2sin\" width=\"600\" height=\"450\" style=\"border:0;\" allowfullscreen=\"\" loading=\"lazy\" referrerpolicy=\"no-referrer-when-downgrade\"></iframe>"}}, {"model": "trekkapp.city", "pk": 57, "fields": {"name": "Jivdhan Trek", "trekking": null, "festival": null, "adventure": 1, "intro": "oulkjghfdf", "difficulty": "easy", "date": "2024-06-24", "fees": 0, "info": "rtkyjthtjskdy", "itenary": "jtkdytjujtskdyk", "inclusions": "klu'oy;iltkrujyhstjugih", "upcoming": false, "image": "LOGO.png", "map": "<iframe src=\"https://www.google.com/maps/embed?pb=!1m18!1m12!1m3!1d3768.07931841176!2d72.82962437395439!3d19.19173764833135!2m3!1f0!2f0!3f0!3m2!1i1024!2i768!4f13.1!3m3!1m2!1s0x3be7b72e2cf5a19d%3A0xbe3acd83444503!2sTechno%20Graphix!5e0!3m2!1sen!2sin!4v1719401531201!5m2!1sen!2sin\" width=\"600\" height=\"450\" style=\"border:0;\" allowfullscreen=\"\" loading=\"lazy\" referrerpolicy=\"no-referrer-when-downgrade\"></iframe>"}}, {"model": "trekkapp.city", "pk": 58, "fields": {"name": "Chanderi", "trekking": null, "festival": null, "adventure": 2, "intro": "oulkjghfdf", "difficulty": "easy", "date": "2024-06-24", "fees": 0, "info": "rtkyjthtjskdy", "itenary": "jtkdytjujtskdyk", "inclusions": "klu'oy;iltkrujyhstjugih", "upcoming": true, "image": "LOGO.png", "map": "<iframe src=\"https://www.google.com/maps/embed?pb=!1m18!1m12!1m3!1d3768.07931841176!2d72.82962437395439!3d19.19173764833135!2m3!1f0!2f0!3f0!3m2!1i1024!2i768!4f13.1!3m3!1m2!1s0x3be7b72e2cf5a19d%3A0xbe3acd83444503!2sTechno%20Graphix!5e0!3m2!1sen!2sin!4v1719401531201!5m2!1sen!2sin\" width=\"600\" height=\"450\" style=\"border:0;\" allowfullscreen=\"\" loading=\"lazy\" referrerpolicy=\"no-referrer-when-downgrade\"></iframe>"}}, {"model": "trekkapp.city", "pk": 59, "fields": {"name": "Kalavanti", "trekking": null, "festival": null, "adventure": 2, "intro": "oulkjghfdf", "difficulty": "easy", "date": "2024-06-24", "fees": 0, "info": "rtkyjthtjskdy", "itenary": "jtkdytjujtskdyk", "inclusions": "klu'oy;iltkrujyhstjugih", "upcoming": true, "image": "LOGO.png", "map": "<iframe src=\"https://www.google.com/maps/embed?pb=!1m18!1m12!1m3!1d3768.07931841176!2d72.82962437395439!3d19.19173764833135!2m3!1f0!2f0!3f0!3m2!1i1024!2i768!4f13.1!3m3!1m2!1s0x3be7b72e2cf5a19d%3A0xbe3acd83444503!2sTechno%20Graphix!5e0!3m2!1sen!2sin!4v1719401531201!5m2!1sen!2sin\" width=\"600\" height=\"450\" style=\"border:0;\" allowfullscreen=\"\" loading=\"lazy\" referrerpolicy=\"no-referrer-when-downgrade\"></iframe>"}}, {"model": "trekkapp.city", "pk": 60, "fields": {"name": "Harihar Trek", "trekking": null, "festival": null, "adventure": 2, "intro": "oulkjghfdf", "difficulty": "easy", "date": "2024-06-24", "fees": 0, "info": "rtkyjthtjskdy", "itenary": "jtkdytjujtskdyk", "inclusions": "klu'oy;iltkrujyhstjugih", "upcoming": false, "image": "Feb_22_page-0087.jpg", "map": "<iframe src=\"https://www.google.com/maps/embed?pb=!1m18!1m12!1m3!1d3768.07931841176!2d72.82962437395439!3d19.19173764833135!2m3!1f0!2f0!3f0!3m2!1i1024!2i768!4f13.1!3m3!1m2!1s0x3be7b72e2cf5a19d%3A0xbe3acd83444503!2sTechno%20Graphix!5e0!3m2!1sen!2sin!4v1719401531201!5m2!1sen!2sin\" width=\"600\" height=\"450\" style=\"border:0;\" allowfullscreen=\"\" loading=\"lazy\" referrerpolicy=\"no-referrer-when-downgrade\"></iframe>"}}, {"model": "trekkapp.city", "pk": 61, "fields": {"name": "Bhimashankar Trek", "trekking": null, "festival": null, "adventure": 2, "intro": "THETREKERS is Bringing for you Shravan Special One Day Monsoon Trek to Bhimashankar Trek", "difficulty": "MODERATE - DIFFICULT", "date": "2024-06-24", "fees": 1551, "info": "zxtfcgvhbkjn", "itenary": "tcyfvguhbijnkvctuvi", "inclusions": "rcytvuybijnctuvyib", "upcoming": false, "image": "PHOTO-2024-05-16-22-44-58_1.jpg", "map": "<iframe src=\"https://www.google.com/maps/embed?pb=!1m18!1m12!1m3!1d3768.07931841176!2d72.82962437395439!3d19.19173764833135!2m3!1f0!2f0!3f0!3m2!1i1024!2i768!4f13.1!3m3!1m2!1s0x3be7b72e2cf5a19d%3A0xbe3acd83444503!2sTechno%20Graphix!5e0!3m2!1sen!2sin!4v1719401531201!5m2!1sen!2sin\" width=\"600\" height=\"450\" style=\"border:0;\" allowfullscreen=\"\" loading=\"lazy\" referrerpolicy=\"no-referrer-when-downgrade\"></iframe>"}}, {"model": "trekkapp.city", "pk": 62, "fields": {"name": "Ratangad Trek", "trekking": null, "festival": null, "adventure": 2, "intro": "oulkjghfdf", "difficulty": "easy", "date": "2024-06-24", "fees": 0, "info": "rtkyjthtjskdy", "itenary": "jtkdytjujtskdyk", "inclusions": "klu'oy;iltkrujyhstjugih", "upcoming": false, "image": "LOGO.png", "map": "<iframe src=\"https://www.google.com/maps/embed?pb=!1m18!1m12!1m3!1d3768.07931841176!2d72.82962437395439!3d19.19173764833135!2m3!1f0!2f0!3f0!3m2!1i1024!2i768!4f13.1!3m3!1m2!1s0x3be7b72e2cf5a19d%3A0xbe3acd83444503!2sTechno%20Graphix!5e0!3m2!1sen!2sin!4v1719401531201!5m2!1sen!2sin\" width=\"600\" height=\"450\" style=\"border:0;\" allowfullscreen=\"\" loading=\"lazy\" referrerpolicy=\"no-referrer-when-downgrade\"></iframe>"}}, {"model": "trekkapp.cycling", "pk": 1, "fields": {"name": "Mid Night ( Sobo )", "upcoming": false, "intro": "", "difficulty": "easy", "date": "2024-06-28", "fees": 0, "info": "", "itenary": "", "inclusions": "", "image": "LOGO.png", "map": "<iframe src=\"https://www.google.com/maps/embed?pb=!1m18!1m12!1m3!1d3768.07931841176!2d72.82962437395439!3d19.19173764833135!2m3!1f0!2f0!3f0!3m2!1i1024!2i768!4f13.1!3m3!1m2!1s0x3be7b72e2cf5a19d%3A0xbe3acd83444503!2sTechno%20Graphix!5e0!3m2!1sen!2sin!4v1719401531201!5m2!1sen!2sin\" width=\"600\" height=\"450\" style=\"border:0;\" allowfullscreen=\"\" loading=\"lazy\" referrerpolicy=\"no-referrer-when-downgrade\"></iframe>"}}, {"model": "trekkapp.cycling", "pk": 2, "fields": {"name": "Sun Rise 🌞 ( Manori Beach )", "upcoming": true, "intro": "oulkjghfdf", "difficulty": "easy", "date": "2024-06-28", "fees": 0, "info": "rtkyjthtjskdy", "itenary": "jtkdytjujtskdyk", "inclusions": "klu'oy;iltkrujyhstjugih", "image": "LOGO.png", "map": "<iframe src=\"https://www.google.com/maps/embed?pb=!1m18!1m12!1m3!1d3768.07931841176!2d72.82962437395439!3d19.19173764833135!2m3!1f0!2f0!3f0!3m2!1i1024!2i768!4f13.1!3m3!1m2!1s0x3be7b72e2cf5a19d%3A0xbe3acd83444503!2sTechno%20Graphix!5e0!3m2!1sen!2sin!4v1719401531201!5m2!1sen!2sin\" width=\"600\" height=\"450\" style=\"border:0;\" allowfullscreen=\"\" loading=\"lazy\" referrerpolicy=\"no-referrer-when-downgrade\"></iframe>"}}, {"model": "trekkapp.cycling", "pk": 3, "fields": {"name": "Sun Set ( Manori Beach )", "upcoming": false, "intro": "", "difficulty": "easy", "date": "2024-06-28", "fees": 0, "info": "", "itenary": "", "inclusions": "", "image": "LOGO.png", "map": "<iframe src=\"https://www.google.com/maps/embed?pb=!1m18!1m12!1m3!1d3768.07931841176!2d72.82962437395439!3d19.19173764833135!2m3!1f0!2f0!3f0!3m2!1i1024!2i768!4f13.1!3m3!1m2!1s0x3be7b72e2cf5a19d%3A0xbe3acd83444503!2sTechno%20Graphix!5e0!3m2!1sen!2sin!4v1719401531201!5m2!1sen!2sin\" width=\"600\" height=\"450\" style=\"border:0;\" allowfullscreen=\"\" loading=\"lazy\" referrerpolicy=\"no-referrer-when-downgrade\"></iframe>"}}, {"model": "trekkapp.camping", "pk": 1, "fields": {"name": "Igatpuri Camping", "upcoming": false, "intro": "", "difficulty": "easy", "date": "2024-06-28", "fees": 0, "info": "", "itenary": "", "inclusions": "", "image": "LOGO.png", "map": "<iframe src=\"https://www.google.com/maps/embed?pb=!1m18!1m12!1m3!1d3768.07931841176!2d72.82962437395439!3d19.19173764833135!2m3!1f0!2f0!3f0!3m2!1i1024!2i768!4f13.1!3m3!1m2!1s0x3be7b72e2cf5a19d%3A0xbe3acd83444503!2sTechno%20Graphix!5e0!3m2!1sen!2sin!4v1719401531201!5m2!1sen!2sin\" width=\"600\" height=\"450\" style=\"border:0;\" allowfullscreen=\"\" loading=\"lazy\" referrerpolicy=\"no-referrer-when-downgrade\"></iframe>"}}, {"model": "trekkapp.camping", "pk": 2, "fields": {"name": "Sandhya Valley + Rappelling", "upcoming": false, "intro": "", "difficulty": "easy", "date": "2024-06-28", "fees": 0, "info": "", "itenary": "", "inclusions": "", "image": "LOGO.png", "map": "<iframe src=\"https://www.google.com/maps/embed?pb=!1m18!1m12!1m3!1d3768.07931841176!2d72.82962437395439!3d19.19173764833135!2m3!1f0!2f0!3f0!3m2!1i1024!2i768!4f13.1!3m3!1m2!1s0x3be7b72e2cf5a19d%3A0xbe3acd83444503!2sTechno%20Graphix!5e0!3m2!1sen!2sin!4v1719401531201!5m2!1sen!2sin\" width=\"600\" height=\"450\" style=\"border:0;\" allowfullscreen=\"\" loading=\"lazy\" referrerpolicy=\"no-referrer-when-downgrade\"></iframe>"}}, {"model": "trekkapp.camping", "pk": 3, "fields": {"name": "Prabalmachi Camping + Trek", "upcoming": false, "intro": "", "difficulty": "easy", "date": "2024-06-28", "fees": 0, "info": "", "itenary": "", "inclusions": "", "image": "LOGO.png", "map": "<iframe src=\"https://www.google.com/maps/embed?pb=!1m18!1m12!1m3!1d3768.07931841176!2d72.82962437395439!3d19.19173764833135!2m3!1f0!2f0!3f0!3m2!1i1024!2i768!4f13.1!3m3!1m2!1s0x3be7b72e2cf5a19d%3A0xbe3acd83444503!2sTechno%20Graphix!5e0!3m2!1sen!2sin!4v1719401531201!5m2!1sen!2sin\" width=\"600\" height=\"450\" style=\"border:0;\" allowfullscreen=\"\" loading=\"lazy\" referrerpolicy=\"no-referrer-when-downgrade\"></iframe>"}}, {"model": "trekkapp.tours", "pk": 1, "fields": {"name": "Malvan Tours", "upcoming": false, "intro": "", "difficulty": "easy", "date": "2024-06-28", "fees": 0, "info": "", "itenary": "", "inclusions": "", "image": "LOGO.png", "map": "<iframe src=\"https://www.google.com/maps/embed?pb=!1m18!1m12!1m3!1d3768.07931841176!2d72.82962437395439!3d19.19173764833135!2m3!1f0!2f0!3f0!3m2!1i1024!2i768!4f13.1!3m3!1m2!1s0x3be7b72e2cf5a19d%3A0xbe3acd83444503!2sTechno%20Graphix!5e0!3m2!1sen!2sin!4v1719401531201!5m2!1sen!2sin\" width=\"600\" height=\"450\" style=\"border:0;\" allowfullscreen=\"\" loading=\"lazy\" referrerpolicy=\"no-referrer-when-downgrade\"></iframe>"}}, {"model": "trekkapp.tours", "pk": 2, "fields": {"name": "3 Jyotriling Tour", "upcoming": false, "intro": "", "difficulty": "easy", "date": "2024-06-28", "fees": 0, "info": "", "itenary": "", "inclusions": "", "image": "LOGO.png", "map": "<iframe src=\"https://www.google.com/maps/embed?pb=!1m18!1m12!1m3!1d3768.07931841176!2d72.82962437395439!3d19.19173764833135!2m3!1f0!2f0!3f0!3m2!1i1024!2i768!4f13.1!3m3!1m2!1s0x3be7b72e2cf5a19d%3A0xbe3acd83444503!2sTechno%20Graphix!5e0!3m2!1sen!2sin!4v1719401531201!5m2!1sen!2sin\" width=\"600\" height=\"450\" style=\"border:0;\" allowfullscreen=\"\" loading=\"lazy\" referrerpolicy=\"no-referrer-when-downgrade\"></iframe>"}}, {"model": "trekkapp.tours", "pk": 3, "fields": {"name": "Gujrat Tours", "upcoming": false, "intro": "", "difficulty": "easy", "date": "2024-06-28", "fees": 0, "info": "", "itenary": "", "inclusions": "", "image": "LOGO.png", "map": "<iframe src=\"https://www.google.com/maps/embed?pb=!1m18!1m12!1m3!1d3768.07931841176!2d72.82962437395439!3d19.19173764833135!2m3!1f0!2f0!3f0!3m2!1i1024!2i768!4f13.1!3m3!1m2!1s0x3be7b72e2cf5a19d%3A0xbe3acd83444503!2sTechno%20Graphix!5e0!3m2!1sen!2sin!4v1719401531201!5m2!1sen!2sin\" width=\"600\" height=\"450\" style=\"border:0;\" allowfullscreen=\"\" loading=\"lazy\" referrerpolicy=\"no-referrer-when-downgrade\"></iframe>"}}, {"model": "trekkapp.marquee", "pk": 1, "fields": {"content": "Welcome to the trekers"}}, {"model": "trekkapp.contact", "pk": 1, "fields": {"name": "Kothaligad", "email": "taskmaster2404@gmail.com", "number": "987654321", "message": "fydgsf"}}, {"model": "trekkapp.contact", "pk": 2, "fields": {"name": "Kothaligad", "email": "taskmaster2404@gmail.com", "number": "987654321", "message": "fydgsf"}}, {"model": "trekkapp.contact", "pk": 3, "fields": {"name": "Kothaligad", "email": "taskmaster2404@gmail.com", "number": "987654321", "message": "fydgsf"}}, {"model": "trekkapp.contact", "pk": 4, "fields": {"name": "viir", "email": "vinnimadan@yahoo.com", "number": "13", "message": "rdhfgjhkj"}}, {"model": "trekkapp.contact", "pk": 5, "fields": {"name": "viir", "email": "vinnimadan@yahoo.com", "number": "13", "message": "jhgyft"}}, {"model": "trekkapp.contact", "pk": 6, "fields": {"name": "Greenovation Expo 2023", "email": "taskmaster2404@gmail.com", "number": "+919967340079", "message": "tujryngbe"}}, {"model": "trekkapp.contact", "pk": 7, "fields": {"name": "fyguh", "email": "vinnijaideep@gmail.com", "number": "+919967340079", "message": "fxcgvhkjbk"}}, {"model": "trekkapp.contact", "pk": 8, "fields": {"name": "Peb Fort", "email": "jsm24042006@gmail.com", "number": "+919967340079", "message": "gvhbjnk"}}, {"model": "trekkapp.contact", "pk": 9, "fields": {"name": "Kothaligad", "email": "jsm24042006@gmail.com", "number": "+919967340079", "message": "yvubi"}}, {"model": "trekkapp.contact", "pk": 10, "fields": {"name": "Naneghat", "email": "vinnimadan@yahoo.com", "number": "+919967340079", "message": "gjhkl"}}, {"model": "trekkapp.contact", "pk": 11, "fields": {"name": "Naneghat", "email": "vinnijaideep@gmail.com", "number": "+919967340079", "message": "hvjbk"}}, {"model": "trekkapp.contact", "pk": 12, "fields": {"name": "yfuvj", "email": "jsm24042006@gmail.com", "number": "+919967340079", "message": "trytguyh"}}, {"model": "trekkapp.contact", "pk": 13, "fields": {"name": "Greenovation Expo 2023", "email": "jsm24042006@gmail.com", "number": "+919967340079", "message": "dtfyguhik"}}, {"model": "trekkapp.enquire", "pk": 1, "fields": {"name": "viir", "email": "taskmaster2404@gmail.com", "number": "744386539", "message": "jgshgarsjf", "thetrek": "Garbett Plateau"}}, {"model": "trekkapp.enquire", "pk": 2, "fields": {"name": "viir", "email": "taskmaster2404@gmail.com", "number": "744386539", "message": "jgshgarsjf", "thetrek": "Garbett Plateau"}}, {"model": "trekkapp.enquire", "pk": 3, "fields": {"name": "viir", "email": "taskmaster2404@gmail.com", "number": "66", "message": "tfyiguoh;k", "thetrek": "Garbett Plateau"}}, {"model": "trekkapp.enquire", "pk": 4, "fields": {"name": "Naneghat", "email": "taskmaster2404@gmail.com", "number": "20", "message": "fhcgj", "thetrek": "Garbett Plateau"}}, {"model": "trekkapp.enquire", "pk": 5, "fields": {"name": "Sondai", "email": "taskmaster2404@gmail.com", "number": "9", "message": "thstnn", "thetrek": "Garbett Plateau"}}, {"model": "trekkapp.enquire", "pk": 6, "fields": {"name": "viir", "email": "taskmaster2404@gmail.com", "number": "13", "message": "hgjvhbn", "thetrek": "Garbett Plateau"}}, {"model": "trekkapp.enquire", "pk": 7, "fields": {"name": "viir", "email": "taskmaster2404@gmail.com", "number": "426", "message": "kydjtshj", "thetrek": "Garbett Plateau"}}, {"model": "trekkapp.enquire", "pk": 8, "fields": {"name": "viir", "email": "taskmaster2404@gmail.com", "number": "35777378", "message": "turh", "thetrek": "Garbett Plateau"}}, {"model": "trekkapp.enquire", "pk": 9, "fields": {"name": "Kothaligad", "email": "taskmaster2404@gmail.com", "number": "3688", "message": "ejtned", "thetrek": "Garbett Plateau"}}, {"model": "trekkapp.enquire", "pk": 10, "fields": {"name": "viir", "email": "virvphuria@gmail.com", "number": "981395", "message": "yeh dekh abh tujhe email aayega aur udhar dikhaga bhi in the data base", "thetrek": "Garbett Plateau"}}, {"model": "trekkapp.enquire", "pk": 11, "fields": {"name": "viir", "email": "taskmaster2404@gmail.com", "number": "12", "message": "bvhhhhhhhhhhhhhu", "thetrek": "Harihar"}}, {"model": "trekkapp.enquire", "pk": 12, "fields": {"name": "Greenovation Expo 2023", "email": "virvphuria@gmail.com", "number": "8", "message": "dgs", "thetrek": "Harihar"}}, {"model": "trekkapp.enquire", "pk": 13, "fields": {"name": "viir", "email": "vinnijaideep@gmail.com", "number": "7", "message": "hgfdrydts", "thetrek": "Harihar"}}, {"model": "trekkapp.enquire", "pk": 14, "fields": {"name": "viir", "email": "jsm24042006@gmail.com", "number": "7", "message": "bhg", "thetrek": "{'_state': <django.db.models.base.ModelState object at 0x000002ABEB901A08>, 'id': 5, 'name': 'Harihar', 'trekking_id': 2, 'festival_id': None, 'adventure_id': None, 'intro': 'db', 'difficulty': 'easy', 'date': datetime.date(2024, 6, 21), 'fees': 0, 'info': 'rtkyjthtjskdy', 'itenary': 'jtkdytjujtskdyk', 'inclusions': \"klu'oy;iltkrujyhstjugih\", 'upcoming': False}"}}, {"model": "trekkapp.enquire", "pk": 15, "fields": {"name": "viir", "email": "vinnijaideep@gmail.com", "number": "7", "message": "hgfgf", "thetrek": "{'_state': <django.db.models.base.ModelState object at 0x00000212B5DADEC8>, 'id': 5, 'name': 'Harihar', 'trekking_id': 2, 'festival_id': None, 'adventure_id': None, 'intro': 'db', 'difficulty': 'easy', 'date': datetime.date(2024, 6, 21), 'fees': 0, 'info': 'rtkyjthtjskdy', 'itenary': 'jtkdytjujtskdyk', 'inclusions': \"klu'oy;iltkrujyhstjugih\", 'upcoming': False}"}}, {"model": "trekkapp.enquire", "pk": 16, "fields": {"name": "tb", "email": "taskmaster2404@gmail.com", "number": "6", "message": "rdytfuvgi", "thetrek": "{'_state': <django.db.models.base.ModelState object at 0x000001A7756688C8>, 'id': 5, 'name': 'Harihar', 'trekking_id': 2, 'festival_id': None, 'adventure_id': None, 'intro': 'db', 'difficulty': 'easy', 'date': datetime.date(2024, 6, 21), 'fees': 0, 'info': 'rtkyjthtjskdy', 'itenary': 'jtkdytjujtskdyk', 'inclusions': \"klu'oy;iltkrujyhstjugih\", 'upcoming': False}"}}, {"model": "trekkapp.enquire", "pk": 17, "fields": {"name": "Naneghat", "email": "taskmaster2404@gmail.com", "number": "+919967340079", "message": "yvubi", "thetrek": "{'_state': <django.db.models.base.ModelState object at 0x0000021F1E5475C8>, 'id': 3, 'name': 'Garbett Plateau', 'trekking_id': 1, 'festival_id': None, 'adventure_id': None, 'intro': 'oulkjghfdf', 'difficulty': 'easy', 'date': datetime.date(2024, 6, 21), 'fees': 0, 'info': 'rtkyjthtjskdy', 'itenary': 'jtkdytjujtskdyk', 'inclusions': \"klu'oy;iltkrujyhstjugih\", 'upcoming': True, 'image': 'LOGO.png', 'map': '<iframe src=\"https://www.google.com/maps/embed?pb=!1m18!1m12!1m3!1d3768.07931841176!2d72.82962437395439!3d19.19173764833135!2m3!1f0!2f0!3f0!3m2!1i1024!2i768!4f13.1!3m3!1m2!1s0x3be7b72e2cf5a19d%3A0xbe3acd83444503!2sTechno%20Graphix!5e0!3m2!1sen!2sin!4v1719401531201!5m2!1sen!2sin\" width=\"600\" height=\"450\" style=\"border:0;\" allowfullscreen=\"\" loading=\"lazy\" referrerpolicy=\"no-referrer-when-downgrade\"></iframe>'}"}}, {"model": "trekkapp.enquire", "pk": 18, "fields": {"name": "Greenovation Expo 2023", "email": "vinnimadan@yahoo.com", "number": "+919967340079", "message": "gdfs", "thetrek": "{'_state': <django.db.models.base.ModelState object at 0x0000024F40609548>, 'id': 3, 'name': 'Garbett Plateau', 'trekking_id': 1, 'festival_id': None, 'adventure_id': None, 'intro': 'oulkjghfdf', 'difficulty': 'easy', 'date': datetime.date(2024, 6, 21), 'fees': 0, 'info': 'rtkyjthtjskdy', 'itenary': 'jtkdytjujtskdyk', 'inclusions': \"klu'oy;iltkrujyhstjugih\", 'upcoming': True, 'image': 'LOGO.png', 'map': '<iframe src=\"https://www.google.com/maps/embed?pb=!1m18!1m12!1m3!1d3768.07931841176!2d72.82962437395439!3d19.19173764833135!2m3!1f0!2f0!3f0!3m2!1i1024!2i768!4f13.1!3m3!1m2!1s0x3be7b72e2cf5a19d%3A0xbe3acd83444503!2sTechno%20Graphix!5e0!3m2!1sen!2sin!4v1719401531201!5m2!1sen!2sin\" width=\"600\" height=\"450\" style=\"border:0;\" allowfullscreen=\"\" loading=\"lazy\" referrerpolicy=\"no-referrer-when-downgrade\"></iframe>'}"}}, {"model": "trekkapp.enquire", "pk": 19, "fields": {"name": "Peb Fort", "email": "taskmaster2404@gmail.com", "number": "+919967340079", "message": "vhbj", "thetrek": "{'_state': <django.db.models.base.ModelState object at 0x00000223E14549C8>, 'id': 3, 'name': 'Garbett Plateau', 'trekking_id': 1, 'festival_id': None, 'adventure_id': None, 'intro': 'oulkjghfdf', 'difficulty': 'easy', 'date': datetime.date(2024, 6, 21), 'fees': 0, 'info': 'rtkyjthtjskdy', 'itenary': 'jtkdytjujtskdyk', 'inclusions': \"klu'oy;iltkrujyhstjugih\", 'upcoming': True, 'image': 'LOGO.png', 'map': '<iframe src=\"https://www.google.com/maps/embed?pb=!1m18!1m12!1m3!1d3768.07931841176!2d72.82962437395439!3d19.19173764833135!2m3!1f0!2f0!3f0!3m2!1i1024!2i768!4f13.1!3m3!1m2!1s0x3be7b72e2cf5a19d%3A0xbe3acd83444503!2sTechno%20Graphix!5e0!3m2!1sen!2sin!4v1719401531201!5m2!1sen!2sin\" width=\"600\" height=\"450\" style=\"border:0;\" allowfullscreen=\"\" loading=\"lazy\" referrerpolicy=\"no-referrer-when-downgrade\"></iframe>'}"}}, {"model": "trekkapp.personaltrek", "pk": 1, "fields": {"name": "Kothaligad", "email": "jsm24042006@gmail.com", "number": "+919967340079", "date": "2024-07-18", "message": "uhjio"}}, {"model": "trekkapp.personaltrek", "pk": 2, "fields": {"name": "Greenovation Expo 2023", "email": "vinnimadan@yahoo.com", "number": "+919967340079", "date": "2024-07-18", "message": "trfe"}}, {"model": "trekkapp.personaltrek", "pk": 3, "fields": {"name": "Peb Fort", "email": "jsm24042006@gmail.com", "number": "+919967340079", "date": "2024-07-18", "message": "nhgb"}}, {"model": "trekkapp.personaltrek", "pk": 4, "fields": {"name": "viir", "email": "vinnimadan@yahoo.com", "number": "+919967340079", "date": "2024-07-18", "message": "vnbm"}}, {"model": "trekkapp.personaltrek", "pk": 5, "fields": {"name": "Naneghat", "email": "virvphuria@gmail.com", "number": "+919967340079", "date": "2024-07-31", "message": "rgfe"}}, {"model": "trekkapp.gallery", "pk": 4, "fields": {"image": "1.jpeg", "city": 1, "cycling": null, "camping": null, "tours": null}}, {"model": "trekkapp.gallery", "pk": 5, "fields": {"image": "2.jpg", "city": 1, "cycling": null, "camping": null, "tours": null}}, {"model": "trekkapp.gallery", "pk": 6, "fields": {"image": "3.jpg", "city": 1, "cycling": null, "camping": null, "tours": null}}, {"model": "trekkapp.gallery", "pk": 7, "fields": {"image": "4.jpeg", "city": 1, "cycling": null, "camping": null, "tours": null}}, {"model": "trekkapp.gallery", "pk": 8, "fields": {"image": "3_98nqM3O.jpg", "city": null, "cycling": 2, "camping": null, "tours": null}}]