[{"id":233733868,"status":2,"title":"Blog Template","order":1,"templateKey":"blog","customTemplate":false,"customTemplateFilename":null,"pageLinks":[],"dateCreated":"2023-08-16T09:18:31.985Z","dateUpdated":"2023-08-16T09:18:39.439Z","folderId":null,"pageName":"Blog Template"},{"id":27860443,"status":2,"title":"Post Template","order":2,"templateKey":"post","customTemplate":false,"customTemplateFilename":null,"pageLinks":[],"dateCreated":"2023-08-16T09:18:33.129Z","dateUpdated":"2023-08-16T09:18:39.542Z","folderId":null,"pageName":"Post Template"},{"id":194028521,"status":2,"title":"Product List Template","order":3,"templateKey":"products","customTemplate":false,"customTemplateFilename":null,"pageLinks":[],"dateCreated":"2023-08-16T09:18:33.730Z","dateUpdated":"2023-08-16T09:18:39.582Z","folderId":null,"pageName":"Product List Template"},{"id":32459585,"status":2,"title":"Product Details Template","order":4,"templateKey":"product","customTemplate":false,"customTemplateFilename":null,"pageLinks":[],"dateCreated":"2023-08-16T09:18:34.422Z","dateUpdated":"2023-08-16T09:18:39.636Z","folderId":null,"pageName":"Product Details Template"},{"id":16520171,"status":2,"title":"Shopping Cart Template","order":5,"templateKey":"cart","customTemplate":false,"customTemplateFilename":null,"pageLinks":[],"dateCreated":"2023-08-16T09:18:35.453Z","dateUpdated":"2023-08-16T09:18:39.677Z","folderId":null,"pageName":"Shopping Cart Template"},{"id":217517758,"status":2,"title":"Checkout Template","order":6,"templateKey":"checkout","customTemplate":false,"customTemplateFilename":null,"pageLinks":[],"dateCreated":"2023-08-16T09:18:36.203Z","dateUpdated":"2023-08-16T09:18:39.727Z","folderId":null,"pageName":"Checkout Template"},{"id":52281159,"status":2,"title":"Login Template","order":7,"templateKey":"login","customTemplate":false,"customTemplateFilename":null,"pageLinks":[],"dateCreated":"2023-08-16T09:18:36.608Z","dateUpdated":"2023-08-16T09:18:39.758Z","folderId":null,"pageName":"Login Template"},{"id":10869566,"status":2,"title":"Page Password Template","order":8,"templateKey":"password","customTemplate":false,"customTemplateFilename":null,"pageLinks":[],"dateCreated":"2023-08-16T09:18:37.011Z","dateUpdated":"2023-08-16T09:18:39.794Z","folderId":null,"pageName":"Page Password Template"},{"id":366817644,"status":2,"title":"404 Not Found Template","order":9,"templateKey":"404","customTemplate":false,"customTemplateFilename":null,"pageLinks":[],"dateCreated":"2023-08-16T09:18:37.488Z","dateUpdated":"2023-08-16T09:18:39.840Z","folderId":null,"pageName":"404 Not Found Template"},{"id":3081512778,"status":2,"title":"Trekking","order":50,"templateKey":null,"customTemplate":false,"customTemplateFilename":null,"pageLinks":[],"dateCreated":"2023-08-16T09:18:46.110Z","dateUpdated":"2023-08-16T10:14:24.585Z","folderId":null,"pageName":"Trekking_3081512778"},{"id":43352652,"status":2,"title":"About","order":100,"templateKey":null,"customTemplate":false,"customTemplateFilename":null,"pageLinks":[],"dateCreated":"2023-08-16T09:18:37.907Z","dateUpdated":"2023-08-16T09:18:39.907Z","folderId":null,"pageName":"About_43352652"},{"id":877929103,"status":2,"title":"Contact","order":101,"templateKey":null,"customTemplate":false,"customTemplateFilename":null,"pageLinks":[],"dateCreated":"2023-08-16T09:18:38.182Z","dateUpdated":"2023-08-16T09:18:39.953Z","folderId":null,"pageName":"Contact_877929103"},{"id":602726382,"status":2,"title":"Cycling","order":102,"templateKey":null,"customTemplate":false,"customTemplateFilename":null,"pageLinks":[],"dateCreated":"2023-08-16T10:14:39.321Z","dateUpdated":"2023-08-16T10:24:58.466Z","folderId":null,"pageName":"Cycling_602726382"},{"id":490515217,"status":2,"title":"Page 1","order":103,"templateKey":null,"customTemplate":false,"customTemplateFilename":null,"pageLinks":[],"dateCreated":"2023-08-16T10:24:56.356Z","dateUpdated":"2023-08-16T10:30:46.518Z","folderId":null,"pageName":"Page 1_490515217"}]